dataset,repeat,n_calls_T,auc_score_T,auc_phat_T,auc_score_E,auc_phat_E
Wainberg,0,1535,0.7390302764370338,0.5252417909902004,0.6968836728126616,0.5722085457273096
Wainberg,1,1621,0.676789510688518,0.4584595811641026,0.7028244275836031,0.5864719922552329
Wainberg,2,1655,0.6697699236264305,0.5006789204169886,0.7037435123306283,0.5401339243539734
Wainberg,3,1858,0.7217018422592292,0.5406881002326013,0.6979120412476317,0.6374687926944866
Wainberg,4,1554,0.6925468315939635,0.5427725429837075,0.701195167718101,0.5743048473572848
Wainberg,5,1403,0.7129966887417218,0.573331635252165,0.6992466249664574,0.6319966099266605
Wainberg,6,1713,0.7360805971047641,0.5939823035483192,0.6960656369901103,0.6229855916075865
Wainberg,7,1782,0.674798864028387,0.6121263737617663,0.7039673641304247,0.5788487208050188
Wainberg,8,1527,0.7243807034794459,0.5774055960944643,0.698246052166285,0.6626558072027818
Wainberg,9,1656,0.6760529269301199,0.5206785200937247,0.7030424978766696,0.6067387780022299
Wainberg,10,1579,0.6749275092334608,0.45816796799066933,0.7033177886224554,0.6497116984443625
Wainberg,11,1523,0.6975837478086354,0.5186791524872484,0.7008819050078836,0.5978262055638662
Wainberg,12,1477,0.7179435023083603,0.5291081958220962,0.6988896382645112,0.5625469334613679
Wainberg,13,1719,0.695686199656423,0.45959343386142393,0.7011041185205155,0.5475236029372866
Wainberg,14,1533,0.6901398378502076,0.5041089117002844,0.7017914925951939,0.580236287841307
Wainberg,15,1794,0.6638096728052924,0.4981226533166458,0.7049651416472265,0.6345293849806485
Wainberg,16,1623,0.7054694040263105,0.5017101853697429,0.700094188644017,0.5579539505163817
Wainberg,17,1630,0.7131923392699254,0.4568235284830112,0.6991948553515263,0.6053521802541131
Wainberg,18,1848,0.6707895279323851,0.4802771954905536,0.7046808387961039,0.5944920952581474
Wainberg,19,1656,0.6831935194672131,0.4937261640482696,0.7027048849635613,0.6551343975802816
Wainberg,20,1693,0.7143164171303206,0.6113921308363651,0.6989800460436462,0.6412301288401456
Wainberg,21,1532,0.7044677021092115,0.6229171771624602,0.7001802924665682,0.5970204374591452
Wainberg,22,1607,0.7084014638324378,0.6137428949622362,0.6997737025212263,0.6881926281354994
Wainberg,23,1730,0.6948434977249376,0.5620795415626988,0.7013992394115857,0.6226245782716955
Wainberg,24,1742,0.7267356651809322,0.5741361335650071,0.6971511075867279,0.6321105581812396
Wainberg,25,1732,0.6679462155714595,0.5623992793153496,0.7044717101352437,0.5175191765024054
Wainberg,26,1594,0.6701593202810171,0.39995007310723585,0.7032424508787491,0.5847623004560597
Wainberg,27,1630,0.7164976675450466,0.5791409977921801,0.6996580933428186,0.6202516011656257
Wainberg,28,1608,0.6692564173004625,0.48444456152366905,0.7041950379056118,0.5643235775756611
Wainberg,29,1675,0.6891545893719807,0.6448327759197324,0.7017305178446955,0.5659485862554982
Wainberg,30,1659,0.7070969201906723,0.5056026396279993,0.6999178944966797,0.6706506780401733
Wainberg,31,1567,0.735246606954277,0.4988559471193335,0.6967578864965698,0.5666378261097257
Wainberg,32,1592,0.6626070605625842,0.4388595423387389,0.7049812191007756,0.6350742856518302
Wainberg,33,1762,0.6950845041034914,0.5595232299346223,0.7010949387310832,0.6346365048261555
Wainberg,34,1683,0.7187248957938613,0.6685411140583555,0.6990847933352128,0.6578854056538436
Wainberg,35,1555,0.7128470686200525,0.6152276492579389,0.6992029695444032,0.6074042051186955
Wainberg,36,1630,0.6788828671328672,0.6171748251748251,0.7030808460513774,0.5900617565494605
Wainberg,37,1706,0.6497453310696095,0.4900820599886814,0.7062480964592133,0.5506408496018359
Wainberg,38,1700,0.6966426858513189,0.367895157558164,0.7009204273961692,0.5968428357419909
Wainberg,39,1906,0.6320091167220546,0.42249258311369164,0.7098374683323412,0.5863441010152823
Wainberg,40,1500,0.6442391914654688,0.4304800673778776,0.7052647451537714,0.5411707815242424
Wainberg,41,1570,0.7120672154553161,0.5382144291259537,0.6998251294338943,0.6041464672407768
Wainberg,42,1758,0.7005329271749253,0.5192084271640238,0.7005931032865697,0.5672248907923603
Wainberg,43,1576,0.6688679853102248,0.5665463995017503,0.7038347064678735,0.571332495432957
Wainberg,44,1572,0.6856589735803219,0.33090077436987547,0.7017581522630134,0.5195506318962025
Wainberg,45,1541,0.714054114490161,0.6741697443591668,0.6990480620791404,0.6404870968698194
Wainberg,46,1736,0.7387563557188884,0.5794999748288361,0.6958736131746671,0.661036421955927
Wainberg,47,1518,0.7313176007866273,0.5785056811974216,0.6977224814321759,0.6350098065987956
Wainberg,48,1875,0.6645617791352868,0.5567720732455943,0.7058064191464807,0.6157765996922565
Wainberg,49,1505,0.7383265561463872,0.632736940882077,0.6978087683260248,0.5505115773163478
Wainberg,50,1727,0.7233757026383755,0.5460338912239834,0.6978013362658101,0.6303478268913666
Wainberg,51,1654,0.6712390173928635,0.4608909608909609,0.7035811696683036,0.6228197102872659
Wainberg,52,1617,0.6696366782006921,0.4425806711193369,0.7037482678353877,0.5832424546130786
Wainberg,53,1574,0.6993472297310827,0.6104983880979555,0.7007312816435313,0.6169055273579278
Wainberg,54,1483,0.7570022116590744,0.6291159140423846,0.6942400681236439,0.5848209109265033
Wainberg,55,1624,0.6962849576470146,0.4610446443663956,0.700952031223171,0.6074592116973629
Wainberg,56,1630,0.6843422382215486,0.422613126815713,0.7023861080671694,0.5542181681167536
Wainberg,57,1577,0.7278161702679904,0.6379148822269807,0.6976022319192586,0.6547511701063625
Wainberg,58,1567,0.7186890504704876,0.5220551753635586,0.69882780531453,0.6032196755385291
Wainberg,59,1544,0.6905308658651897,0.560384678883936,0.7018718667983171,0.5071877824645977
Wainberg,60,1720,0.6951399501552511,0.48520724430279005,0.7012740466720756,0.557791377070201
Wainberg,61,1493,0.6975805838239098,0.47832907406562314,0.7008195609968847,0.5666878899904783
Wainberg,62,1655,0.7207210784411047,0.5537003580244463,0.6980019398704593,0.576013484281287
Wainberg,63,1733,0.6367107350608144,0.5061854398025736,0.7074460850581852,0.5505595873143463
Wainberg,64,1596,0.6817517840174396,0.5360883903784166,0.7027655072753324,0.59683909476711
Wainberg,65,1447,0.710642993866948,0.6173703074338841,0.6994998911031494,0.6039202822083733
Wainberg,66,1522,0.730494577487502,0.47334855265279796,0.69815923777994,0.5420032787353213
Wainberg,67,1715,0.6908839406207827,0.5487331309041835,0.7017158860774424,0.6338924721549675
Wainberg,68,1639,0.680176753880937,0.6176594188890476,0.7024323472269097,0.6445138452770651
Wainberg,69,1578,0.680047058386742,0.5819739461752298,0.7025000149841069,0.6060851012914524
Wainberg,70,1564,0.7025478488305378,0.46234810444637015,0.700341972638131,0.5845349643294742
Wainberg,71,1702,0.7134337252527928,0.607941808000454,0.6992208309793863,0.6682247578375734
Wainberg,72,1672,0.6716979540728775,0.6126330404092503,0.7041920972467134,0.6391832329027545
Wainberg,73,1861,0.715350481475807,0.5475517650329969,0.6987263078444885,0.5951250767665687
Wainberg,74,1568,0.6597239754270807,0.6159850206176891,0.7047043532439942,0.5174635581077632
Wainberg,75,1606,0.7145577767681357,0.4617219445706497,0.6990268166560235,0.6367362056930623
Wainberg,76,1783,0.7057369372860557,0.5738826454821417,0.7003273551360331,0.5381576386878815
Wainberg,77,1657,0.7179716893276216,0.6333823803315328,0.698600713467123,0.5804403229645029
Wainberg,78,1892,0.7098863449553898,0.658416525936664,0.6997106630781272,0.6020351970562899
Wainberg,79,1677,0.6965879729586238,0.4627915619580222,0.7011391343719847,0.6187559050589753
Wainberg,80,1682,0.7025906288650898,0.5665362723196451,0.7001058387641175,0.6012785692447803
Wainberg,81,1799,0.7670952996583249,0.6779134730815403,0.6905445878148149,0.6405444925696897
Wainberg,82,1735,0.6400307289305325,0.5058702962067402,0.7082908350399759,0.5913620974926816
Wainberg,83,1827,0.7116373382728522,0.5585711880104404,0.6991293875058626,0.5828942329130253
Wainberg,84,1511,0.66877995252385,0.4375979755453039,0.7037668769344808,0.5404537628929034
Wainberg,85,1639,0.6635987093733573,0.5154304203599979,0.7040252721006182,0.476784235867001
Wainberg,86,1556,0.7288136551178432,0.6047645961679761,0.6976224777687142,0.6150587245488072
Wainberg,87,1636,0.7096967636013939,0.46027358190454254,0.6996179239008462,0.5867070579367254
Wainberg,88,1677,0.6731247798157574,0.47885481706905725,0.7035330780563387,0.5938464319279491
Wainberg,89,1585,0.729938035495716,0.5788152331144987,0.6971670887612833,0.6115572082037284
Wainberg,90,1612,0.6906160617557602,0.5322241411353015,0.7011960209610801,0.63709969368143
Wainberg,91,1581,0.6896613138441423,0.5146965150778617,0.7017738234979063,0.5393909650053402
Wainberg,92,1817,0.6573252600121038,0.5673582645478877,0.7057988239970572,0.5524408871354062
Wainberg,93,1572,0.6455644656058138,0.4670839337175792,0.7064549351449662,0.5850203189388182
Wainberg,94,1718,0.7137191000833256,0.49210813813535786,0.6989788322773846,0.5887783398813654
Wainberg,95,1730,0.6897598752019611,0.5804954315003621,0.7018021380367043,0.6217663425044141
Wainberg,96,1646,0.7116480985182396,0.4750116281645219,0.699478025252737,0.5967336402533958
Wainberg,97,1524,0.7078546592343731,0.6048511234423432,0.6999382709825445,0.6712669236655161
Wainberg,98,1730,0.6797146108089941,0.45568935985843917,0.702696173140907,0.6119235420203566
Wainberg,99,1797,0.6851407612037914,0.5772783401501322,0.7029182860686516,0.613704235832004
Sanger,0,7089,0.5725883059651573,0.6595592852852116,0.5901038620590899,0.7007255080428202
Sanger,1,7715,0.5818422355816113,0.618162550251245,0.588953535287996,0.6924532214772853
Sanger,2,7529,0.5761959633741061,0.6343628886663748,0.5896229497611964,0.6431061116346526
Sanger,3,7123,0.6055316683273405,0.7066446356626088,0.5863168404939207,0.7098865786019689
Sanger,4,7650,0.595339589523252,0.637489714150016,0.5874990475149846,0.6969253130195782
Sanger,5,7471,0.582184493904822,0.6416254278866753,0.5889327330087718,0.6539769796643735
Sanger,6,7607,0.5794438704637589,0.5257684953901302,0.5891293833445566,0.6070392528748747
Sanger,7,7897,0.6000425814824553,0.7075293976003874,0.5867587695313439,0.7173685474696
Sanger,8,7168,0.5825461178704789,0.5098337563330758,0.5887878315548631,0.6907985859035364
Sanger,9,7747,0.6129862863873464,0.6470559902406192,0.5850606525354322,0.6669283429134327
Sanger,10,7292,0.5951157720082084,0.542311738577032,0.5874620973648156,0.603705602249357
Sanger,11,6726,0.5883846917109591,0.5667834691017083,0.5881469126214528,0.7395328670214432
Sanger,12,7263,0.5988272069643301,0.635737716576732,0.5868176049686301,0.6780992896192811
Sanger,13,7046,0.6066934433043337,0.5077184985867222,0.5862605074655672,0.6643666039789117
Sanger,14,7868,0.6235673842461029,0.7252914787325283,0.5828005716856257,0.7530887944490525
Sanger,15,7525,0.5790359797805934,0.6550282640311107,0.589077929728794,0.6689634428001097
Sanger,16,7633,0.5705056348772792,0.6684928177274226,0.5902504181018404,0.6997319883956761
Sanger,17,6777,0.5864131737264598,0.6504937599670304,0.5882857603348691,0.6804815290219848
Sanger,18,7070,0.6066774344532242,0.6336814546417981,0.586337878826212,0.6764475902214031
Sanger,19,7988,0.5882492180538361,0.5785920782723625,0.5883092115638259,0.6342406397598304
Sanger,20,7043,0.5887751161576097,0.5458987310119877,0.5882012246023868,0.6156623965134412
Sanger,21,7037,0.574949919275201,0.6208180635453078,0.5893657715472284,0.7011886509329468
Sanger,22,6825,0.5885862743571663,0.6405135680773315,0.5881650713504363,0.6612673923129593
Sanger,23,7056,0.5785354261789298,0.6757683545494578,0.5892764688686544,0.716838003173791
Sanger,24,7334,0.5952160212637926,0.549985912790945,0.5874347481267221,0.6765021066724132
Sanger,25,6463,0.6078128544171214,0.6296296049208107,0.5863351742808831,0.6803170920823454
Sanger,26,7228,0.5969471819144251,0.6136543494840143,0.5872091472155166,0.6662367862009702
Sanger,27,7650,0.5587903205145996,0.5265096241911346,0.5911713025761044,0.6574818277850315
Sanger,28,7641,0.6326788968875565,0.6826004348835737,0.5829200954303932,0.7019555291884878
Sanger,29,8147,0.5797788647189636,0.6035228046012939,0.5891731444134789,0.6602280202086918
Sanger,30,6529,0.5898749543152508,0.6321945710357447,0.5881054313187932,0.668393036409537
Sanger,31,6834,0.5833821485575305,0.6542889987947752,0.5887673152780925,0.6545984351542864
Sanger,32,7004,0.5866494999874345,0.5770392944924909,0.5885291532519799,0.681317882401484
Sanger,33,7481,0.5839967543477208,0.6040405948747759,0.588648989839733,0.7031106629221765
Sanger,34,7334,0.6161568520110037,0.6734699183354721,0.5848888724322535,0.7346210206897704
Sanger,35,7969,0.5828349887445066,0.5796453507764406,0.5888875534733953,0.6495312340764962
Sanger,36,7017,0.6028740828957324,0.5909302009156859,0.586451935427393,0.649840992877326
Sanger,37,7345,0.5950760798820285,0.6538077139674318,0.587309851097056,0.7131429573287738
Sanger,38,7314,0.6075912883135086,0.6369668637651209,0.5857295188707491,0.7077432436664071
Sanger,39,7379,0.6057061289219094,0.7085589569214618,0.5863969834525279,0.7226137006331359
Sanger,40,7117,0.5740778201629216,0.6635690599413648,0.5897652980749655,0.7154738079502931
Sanger,41,7078,0.557054484891744,0.5349394706728754,0.5914540896409802,0.6771958163869721
Sanger,42,7006,0.5808084590237502,0.5797038105639247,0.5890305602919196,0.6687358005680422
Sanger,43,7333,0.5627014919580892,0.6442708136078698,0.5914835370786385,0.6870604787435198
Sanger,44,7175,0.5784772813234883,0.5589054604229167,0.5891510033968531,0.648712863268063
Sanger,45,7039,0.5550444344027715,0.6877379876487423,0.5909595715554833,0.6824621241249804
Sanger,46,7419,0.5944385348244482,0.5835602936786087,0.5874660201250903,0.6412720132979199
Sanger,47,7083,0.6002260421173263,0.5760678848242973,0.5869072210880025,0.6350421379670449
Sanger,48,7797,0.587840505506571,0.5872173611033308,0.5881988590077887,0.7116319094923153
Sanger,49,6547,0.5963646576616902,0.6633568078445511,0.5875017879299964,0.7451842137688303
Sanger,50,7184,0.5659458784490168,0.5508728232554494,0.5906300043137204,0.6834749147745011
Sanger,51,7213,0.5763702305410477,0.675623132254283,0.5894490670684811,0.7047770787719897
Sanger,52,7225,0.6239447286892613,0.5951257924166621,0.58396904164919,0.6644232613016259
Sanger,53,7539,0.6071087435813227,0.5489275782053398,0.5862950142239031,0.6443153454314503
Sanger,54,6928,0.593869739321608,0.6500883322864321,0.5876164253013222,0.6945398930248479
Sanger,55,7619,0.6051660511382935,0.6954500244550819,0.5865368482432866,0.747314204149984
Sanger,56,7605,0.5907162277610859,0.6200636639889551,0.5878365808798764,0.6344581300504234
Sanger,57,6874,0.5667726145011918,0.5780395367681815,0.5903217523324013,0.7115160546268168
Sanger,58,6971,0.5913002789143578,0.7410828106638728,0.5879155011314886,0.7346885995956483
Sanger,59,7812,0.5927965841572507,0.5909632887167952,0.5876926051882577,0.7142361489125586
Sanger,60,6448,0.5561044206961618,0.6239965600537711,0.5914079829728783,0.724311339437197
Sanger,61,7481,0.5749018293266929,0.657878825832087,0.5897196526151647,0.6962956379991552
Sanger,62,7504,0.5825520526319355,0.5689733113807752,0.5885444436674176,0.6885545745318922
Sanger,63,7503,0.5584201360804136,0.7241244105090767,0.5915336918247098,0.6963700457360109
Sanger,64,7766,0.5917162663766352,0.6294581117352996,0.5878593017025108,0.6950135441086988
Sanger,65,6536,0.6015677743964811,0.6176022593596563,0.5868746445536477,0.7116608376617399
Sanger,66,6631,0.5641637800870415,0.6220063948840927,0.5908006723153965,0.653215724119697
Sanger,67,7005,0.5823599126630903,0.6070334098244065,0.5887874918279873,0.7139187093772211
Sanger,68,7672,0.5723466356141431,0.5186555079933772,0.5900793554867895,0.6554185336234415
Sanger,69,7606,0.6027299777440893,0.5934059275098614,0.5864641372142929,0.6725797916919991
Sanger,70,7590,0.5626983406325015,0.6725779192339224,0.590941187369139,0.648231416009526
Sanger,71,7657,0.5824555472755896,0.6747700253169554,0.5888678709954911,0.7103552766326472
Sanger,72,7127,0.5968627821107937,0.7052297928446607,0.5873181374678434,0.66949830110193
Sanger,73,7324,0.6009011383650847,0.5774646482702345,0.586718833963224,0.6277918151789424
Sanger,74,7581,0.5647168175960259,0.5721051485146714,0.5910172560796124,0.6780520413743872
Sanger,75,7047,0.5722463237998708,0.5206689192502922,0.589989246012488,0.6689320604715188
Sanger,76,8102,0.5715994368276447,0.5783151304728187,0.5903053247095501,0.6856828080843003
Sanger,77,7950,0.6034320590308987,0.6658928638704851,0.5862025347644194,0.6648354914451915
Sanger,78,6787,0.5582382163717804,0.5996359234777346,0.5910525446754289,0.6211514236815212
Sanger,79,7598,0.5966581008441347,0.6245716679277916,0.587222361163437,0.7111552253521122
Sanger,80,6934,0.6266939466223073,0.6463144596842535,0.583855511176371,0.6809835791004428
Sanger,81,7819,0.6001260367539437,0.6800982667790278,0.5869477080144249,0.7504165409319192
Sanger,82,7812,0.5970037539384796,0.5148582028692799,0.5870992163891593,0.6543368495438379
Sanger,83,7078,0.5789260621202524,0.709621835925587,0.5891355587966296,0.7157837109470854
Sanger,84,6726,0.5813720930785773,0.5937459857365787,0.5889701376677251,0.6934738205395485
Sanger,85,7019,0.586605430185867,0.5919642382894745,0.5883037975479991,0.7168591844405691
Sanger,86,7412,0.6043287845454033,0.5774820894680431,0.586437651405454,0.6757644112984871
Sanger,87,6756,0.5466347299876538,0.6051990261176057,0.592129279332437,0.608623532699349
Sanger,88,7785,0.5857039090294192,0.6415152335560922,0.5883988471250895,0.7060029933053801
Sanger,89,6950,0.58065458389766,0.6806757152531314,0.5889709130177666,0.6811054710367005
Sanger,90,7800,0.5641209614659046,0.6552307371104374,0.5910298309989314,0.6891151825136914
Sanger,91,6956,0.5814806284166871,0.5931726766527299,0.5891134880946944,0.7099587826272644
Sanger,92,6880,0.6073973731017477,0.647628840858969,0.5861362670515924,0.7055042374028916
Sanger,93,7803,0.5823769414636762,0.6268682218025434,0.5888623539854912,0.6598513690258687
Sanger,94,7155,0.5979417952988921,0.6398805960096391,0.5871826460115616,0.6485907115302603
Sanger,95,6906,0.5757975116197186,0.6699490408911055,0.5895094785702161,0.6942541032658043
Sanger,96,6730,0.5962504432145894,0.6600390307055358,0.5873677634603066,0.6570234518999999
Sanger,97,7264,0.6054763989840368,0.6824382038308888,0.5862454953073195,0.6968767045729227
Sanger,98,6903,0.5921131651246888,0.6876750868830132,0.5878027687382597,0.6602063818022798
Sanger,99,6192,0.5713290948904349,0.6330123364855857,0.589802030633861,0.6488334284373216
DRIVE,0,2857,0.6138660680168131,0.4648213603362629,0.6018340541108379,0.5986382020221789
DRIVE,1,2539,0.6258945434566121,0.5242428144637891,0.5995850512133885,0.4992850717187732
DRIVE,2,3030,0.5673196144308456,0.49676811569360163,0.60735283834274,0.49090196117840706
DRIVE,3,2508,0.6193939016778713,0.539107014406595,0.6010921008366044,0.5865557135510684
DRIVE,4,2697,0.5759623780418359,0.6367592346532023,0.605588047268536,0.5404841490377978
DRIVE,5,2910,0.5521185086757439,0.5415952896067024,0.6092522366175944,0.5211691260086697
DRIVE,6,3033,0.5684963897839838,0.48588062417949635,0.6070127193801976,0.5076195567787292
DRIVE,7,2654,0.6405472469235606,0.47766662175514235,0.6000543713998248,0.5281799688740164
DRIVE,8,2728,0.5617069487714261,0.6250218877371461,0.6077595550874723,0.5039420350749163
DRIVE,9,2718,0.6021866199323298,0.4269556496545576,0.6029282499727355,0.48152836908043906
DRIVE,10,3073,0.5793798575129534,0.49142019286125505,0.6056336116733446,0.46220436174650836
DRIVE,11,2568,0.6450180232724908,0.6249457389541722,0.5986994114020603,0.6170672914068163
DRIVE,12,2866,0.5769029992406985,0.6654704396093525,0.6060040157646542,0.5887007345281654
DRIVE,13,2832,0.6097226379822017,0.49591123463863246,0.6023840774216224,0.5349661486668007
DRIVE,14,2990,0.6051882482671708,0.5690855387523629,0.6028040030930741,0.5578423986329262
DRIVE,15,2940,0.5598764961005178,0.4965819654429399,0.607733155911774,0.5585310939019076
DRIVE,16,3127,0.6232342277236285,0.5941812128624195,0.6005019152320942,0.5905576030233066
DRIVE,17,3165,0.6224963089824603,0.6128843087462351,0.6004606261607296,0.5729258902820064
DRIVE,18,3064,0.5913579495399891,0.5254396777809905,0.6042181882545269,0.5020255911317126
DRIVE,19,3304,0.5227288234104923,0.5570592843424643,0.6132483990400024,0.5528978549755815
DRIVE,20,2627,0.5887076146403029,0.5408312999579301,0.6047845668068016,0.6030937021174154
DRIVE,21,2985,0.5968264629334229,0.42796154814877,0.6037428711285627,0.5375371839408728
DRIVE,22,2848,0.5908968722778746,0.5114958759799652,0.6043016291040141,0.5909953041280365
DRIVE,23,3519,0.5820348557661403,0.5899484980085725,0.6057918723227089,0.43654149319370383
DRIVE,24,3130,0.6350559617358932,0.594624027326022,0.5984919947058613,0.5972195662425324
DRIVE,25,2839,0.6243977656231816,0.6047897513479964,0.6011832338369426,0.5178860688518914
DRIVE,26,2274,0.600744915599657,0.4923765618631323,0.6032812837699947,0.5744890052403745
DRIVE,27,2340,0.5640196990424077,0.5544032831737347,0.6069855424796649,0.5575233292119047
DRIVE,28,2885,0.6124126468769326,0.5816689857761287,0.6020298919718915,0.6234049259144923
DRIVE,29,3298,0.5665449605649303,0.5190107987894351,0.6079494266817851,0.5503624380930061
DRIVE,30,2740,0.5762806555405916,0.6038486410802537,0.6055733419662528,0.6744746347599483
DRIVE,31,3276,0.567367395071236,0.5157497068295586,0.6083542337497364,0.5199296913029104
DRIVE,32,3080,0.581762504138206,0.5361712980791968,0.60533194563195,0.5162806565015278
DRIVE,33,3024,0.5751109853629998,0.4821871939135783,0.6066181606802543,0.571724980131972
DRIVE,34,2621,0.5776564925619431,0.45738753274904553,0.6057229014541025,0.45884868501213716
DRIVE,35,3241,0.5580137840017596,0.5610131485690544,0.6091061616784765,0.5965739304683512
DRIVE,36,2706,0.6065106049187136,0.5732910879718638,0.6026859485190637,0.586478711347525
DRIVE,37,2720,0.6587834346086371,0.515507403365642,0.5948101808733283,0.5893893674193998
DRIVE,38,3244,0.5744929122016907,0.5232680914945099,0.606519452444556,0.5449125721651317
DRIVE,39,3261,0.6778315020712488,0.6670784620125612,0.5939205885804422,0.5744959676357445
DRIVE,40,3040,0.5691374056102019,0.4257893344128249,0.6070410738615934,0.5522580310658908
DRIVE,41,2716,0.5974214607025065,0.5543018463923407,0.6034775994505238,0.5470206703565335
DRIVE,42,2696,0.5542143067062248,0.5143112544782803,0.6084850103518246,0.5672007274507215
DRIVE,43,2934,0.529045464339582,0.5213899662429075,0.6105909508785577,0.5589971646488093
DRIVE,44,2299,0.6073131888146247,0.5615390480063026,0.602836091529311,0.5017220279400878
DRIVE,45,2482,0.6461137345256562,0.6255570003345804,0.5986586218872529,0.4997040009672561
DRIVE,46,2989,0.6257001139168407,0.5533652933358648,0.6006506917600053,0.5272232473706763
DRIVE,47,2638,0.6343667214762035,0.6301109893121403,0.6003822402295711,0.5485201341387765
DRIVE,48,2751,0.6192196350955642,0.5269684316784436,0.601472945965963,0.45723793743146085
DRIVE,49,2982,0.6032100226260624,0.48027774890667346,0.6029434496864992,0.5587093823018094
DRIVE,50,3025,0.6246190293251377,0.6118004866180049,0.5999470202928333,0.557765825277224
DRIVE,51,2781,0.5842331768388106,0.6033950617283951,0.6049646462810326,0.5957479121355296
DRIVE,52,2771,0.61279955260465,0.4832631303395921,0.6020563396327957,0.4812610729235984
DRIVE,53,2845,0.6203381729777737,0.5458458464109106,0.6012775099725937,0.5641027368145569
DRIVE,54,2704,0.620299529788799,0.47756399732058424,0.6011101764037685,0.6216572043860847
DRIVE,55,3063,0.6039510572320843,0.5074032408197886,0.6030366996501887,0.5562504689779696
DRIVE,56,3157,0.6226254148630033,0.5155907600143149,0.6005428566731563,0.6285903874027959
DRIVE,57,2673,0.5765537984659032,0.4936945541061859,0.6057728037354105,0.5060480289687944
DRIVE,58,2565,0.6403040363577439,0.6872105380177342,0.599222782099489,0.5867675156165162
DRIVE,59,2365,0.5874083484573502,0.4227513611615245,0.6044146422309348,0.46402787147016544
DRIVE,60,3130,0.5695819469815588,0.5547799234516354,0.607091488797879,0.5251628530008894
DRIVE,61,2971,0.649885341820355,0.5202875488165886,0.5970817057674659,0.5968417833695824
DRIVE,62,3237,0.583579300804034,0.5924541880520592,0.6055952961883782,0.5712216325519205
DRIVE,63,2463,0.6085355800377239,0.5810222624450607,0.6025516621667745,0.573212795759722
DRIVE,64,2649,0.6570622586534459,0.526991662854576,0.5980697197625124,0.5465648546842953
DRIVE,65,2614,0.5936095028883964,0.5765072818332031,0.6043546335065537,0.5518823956540447
DRIVE,66,2680,0.5815368234250222,0.48984649511978706,0.6055317229523328,0.5308007098364853
DRIVE,67,2791,0.6274315344341522,0.5312243254128071,0.6006010701841009,0.5323629053713892
DRIVE,68,2621,0.6183119305916674,0.5072070456630137,0.6012274930670565,0.5781846766197054
DRIVE,69,3235,0.5780436443015924,0.640006192219007,0.6063730324068378,0.6580055161394469
DRIVE,70,2747,0.6578209094570351,0.6928576441010996,0.5962208923427506,0.6260444788971369
DRIVE,71,2700,0.6135470664542597,0.5469406422194604,0.6019276178918294,0.5794930774621855
DRIVE,72,3054,0.5674889330852634,0.4885473471482646,0.60696195497989,0.5810917969123062
DRIVE,73,2016,0.5940902244854048,0.422108584953023,0.6039778641618856,0.5438206543288602
DRIVE,74,2555,0.6449750269047159,0.40444489559393393,0.5988125375637005,0.5667409203169745
DRIVE,75,3033,0.5574031805704738,0.5650674304809643,0.6082082507139172,0.5743439867333996
DRIVE,76,2534,0.595864623503146,0.4486638251809756,0.6036966789055432,0.6276864780962328
DRIVE,77,3358,0.6167123979101449,0.5890910848238496,0.6011572612780359,0.5363836340595777
DRIVE,78,2688,0.5968441125550317,0.5035822439593061,0.603676392076751,0.614273644426012
DRIVE,79,3002,0.5806639965255995,0.43679417624309774,0.6060218138814619,0.5397670124686952
DRIVE,80,2607,0.6881308259377348,0.5647570114335615,0.5947189539597592,0.5809486151691741
DRIVE,81,2561,0.658423879821505,0.48069296717403265,0.5971128257291012,0.4968949477348597
DRIVE,82,2864,0.6441407743866029,0.44208873710977076,0.5986994491717023,0.5753851687425494
DRIVE,83,2893,0.6106237864314499,0.5286353391161805,0.602331274906684,0.5970567654303114
DRIVE,84,2629,0.6127592330123975,0.5439291008911262,0.6013866899279234,0.5799782115580979
DRIVE,85,2736,0.5688121848166826,0.5691667660487938,0.6059223013201073,0.5483406377244225
DRIVE,86,2687,0.542688808571783,0.4694348050575762,0.609085006414242,0.531719995584596
DRIVE,87,3426,0.5991123739300935,0.5982237205151988,0.6032941297256514,0.503260129054267
DRIVE,88,3278,0.6201590244185036,0.5558637237011075,0.6008229735747552,0.5991986827802781
DRIVE,89,2475,0.6192637050266292,0.5534530725799852,0.6009060968319869,0.5709092793261913
DRIVE,90,2283,0.6722275724903172,0.6333528734428975,0.5957203276979955,0.6395328583675571
DRIVE,91,2532,0.6403313019518148,0.5236579834061202,0.5992643924450503,0.5821887161188577
DRIVE,92,2454,0.5592201897637077,0.4359638719094973,0.6071028130912132,0.43927580087875634
DRIVE,93,2726,0.5992221233165388,0.5162693048251789,0.6035244976709696,0.5773844574239725
DRIVE,94,3264,0.5750141858798232,0.4577723688926054,0.6064435005578305,0.5210081804279304
DRIVE,95,2613,0.6115916333444706,0.6059538051971848,0.6023202308045338,0.5638362905684445
DRIVE,96,2805,0.5906370197502053,0.5653974142888962,0.6045207980333377,0.5123250058257336
DRIVE,97,2382,0.6507005115071353,0.6213296818525033,0.5986299945291647,0.5182842637786257
DRIVE,98,2942,0.556278200106013,0.5144232633906062,0.6078450216619634,0.4978960467670202
DRIVE,99,2959,0.6016514686725217,0.5145193371713521,0.6030731671153355,0.583344265469
HAP1,0,34227,0.5540292051015799,0.38962348807522657,0.5562230985171751,0.6405540172626196
HAP1,1,34584,0.5304724839274884,0.5617810844165446,0.5583768180157984,0.5263012043305472
HAP1,2,34069,0.5612858249609728,0.48699540937441815,0.5552194163945307,0.6923261116103129
HAP1,3,34576,0.5251244171878541,0.5616755924458569,0.559263036723115,0.5762068250821631
HAP1,4,33962,0.5536426572156471,0.46770043983986215,0.55626837734456,0.5961076988133777
HAP1,5,34513,0.5590659592913368,0.5685335436856735,0.5556317759131826,0.6794255902003264
HAP1,6,34056,0.5267099836301438,0.5077397810703056,0.5590638518728157,0.6390484904313614
HAP1,7,32481,0.5654892296599426,0.43392299840390247,0.5550477796190824,0.5787407839272577
HAP1,8,34427,0.5622391550249471,0.5088132391772751,0.5552497910782757,0.666184063080128
HAP1,9,34698,0.5350946892647063,0.48918445666822763,0.5583957442847154,0.5702449043264884
HAP1,10,33743,0.5705729321978477,0.5698416599314897,0.5544079456483045,0.6580351637086302
HAP1,11,34282,0.5394436869585132,0.4421186909476838,0.5578450929846797,0.6971091984969706
HAP1,12,34712,0.547288548637044,0.4585931753382784,0.5569564972515374,0.6706942975707906
HAP1,13,34016,0.5818925029407366,0.5571261449671971,0.5529274159511379,0.6339086224145825
HAP1,14,33756,0.5519433733445619,0.5977827150915971,0.5564049677827868,0.5689045659359401
HAP1,15,33244,0.549436464299838,0.6854953075899255,0.5567071702763142,0.6947277792054205
HAP1,16,34341,0.5104154502395212,0.45365791138550143,0.5612203039018564,0.6181916724207501
HAP1,17,34062,0.5659662219916521,0.35001280794397305,0.5549003436514218,0.5429807692427943
HAP1,18,34655,0.538199699851207,0.402177360068038,0.5577698568591164,0.6341350024806509
HAP1,19,34166,0.5561335972076591,0.4696231406644069,0.5559956085810938,0.6743334755346837
HAP1,20,34135,0.5717298440936839,0.3688316824319497,0.5543824798500423,0.5465212694846967
HAP1,21,33825,0.5693418085805855,0.5559856175536071,0.5545749541034855,0.6871384828524936
HAP1,22,33954,0.5133944829381941,0.5249733761450259,0.5602117601700122,0.674899564656375
HAP1,23,33982,0.5531362006655086,0.4731823912360951,0.556310577052732,0.6100190939395589
HAP1,24,33742,0.5652020763706823,0.4984586016184461,0.5552271304104537,0.5796236002617473
HAP1,25,33930,0.5395721843477104,0.535251858686897,0.557784531015037,0.6582995156367015
HAP1,26,34527,0.5538749636346354,0.4882892004228464,0.5561869587709234,0.6178752080933511
HAP1,27,33562,0.5765928755759909,0.47378798188955484,0.5537662876107317,0.5634761857933291
HAP1,28,33699,0.5705985427756346,0.6464137200665768,0.5542976608696207,0.6953598682198961
HAP1,29,33941,0.5441770339593743,0.5804984637671279,0.5573273870799605,0.6085935587939006
HAP1,30,33756,0.5714998828398726,0.5216809535390687,0.5544368067113609,0.6431055154223453
HAP1,31,34116,0.5689436598771067,0.519258236590488,0.5544217391352911,0.7108514430257711
HAP1,32,33614,0.5745469993984623,0.41322615537484103,0.5541628915280032,0.5555889559300234
HAP1,33,33906,0.5281027849464068,0.4652812242340393,0.5587032194028662,0.7180412701138376
HAP1,34,33721,0.5466522187925466,0.5503424586088135,0.5569037084063534,0.6423040640140114
HAP1,35,35055,0.557323929151442,0.44369061184861963,0.5558689029200383,0.6666122237268344
HAP1,36,33631,0.5638827711988713,0.5218170327960758,0.555174363812186,0.5878508099312323
HAP1,37,34211,0.5444621523468394,0.4675145542356528,0.5572819954132422,0.4971263551960329
HAP1,38,33592,0.5636733429817572,0.5588314414285328,0.5550901528022475,0.5654133700480954
HAP1,39,34294,0.5491383746150285,0.471375197518066,0.556796352436391,0.6186694646157496
HAP1,40,33822,0.5595228429637469,0.5817291477155733,0.5556087593223121,0.6099126559335141
HAP1,41,33829,0.5596059367317552,0.5840455812910187,0.5555851046014086,0.7471230496048556
HAP1,42,33916,0.5499602548353028,0.5677217949965436,0.5567188454090394,0.6721450546163599
HAP1,43,34680,0.5708995225385207,0.5061513334722264,0.5542234191645494,0.5620706685555177
HAP1,44,34188,0.5292795511581324,0.5279901728894347,0.5591379414667449,0.6670732488139712
HAP1,45,34193,0.5642897918827845,0.4353534013876293,0.5550836830263811,0.526449124300791
HAP1,46,34114,0.544740140328601,0.4929006192738378,0.5572234003068695,0.6336433690270085
HAP1,47,33674,0.5807652370998745,0.4931658411345441,0.5532724400885434,0.6500238980249916
HAP1,48,33708,0.56434693424977,0.47515396114117237,0.5550643536344344,0.5941523997801218
HAP1,49,33204,0.5389279747814776,0.5163000845327598,0.5580905925779633,0.6176487004245563
HAP1,50,34299,0.5612612550510273,0.450772712799656,0.5553945215754351,0.6679821951232513
HAP1,51,34294,0.57615564659192,0.5048473537182452,0.5536498903082905,0.6469977984544729
HAP1,52,34962,0.540391348590829,0.5457618686458777,0.5578492946416582,0.6605732986999984
HAP1,53,34200,0.5562836982511347,0.4968026961263058,0.5559735457725395,0.6150582725334076
HAP1,54,33469,0.5413542919583066,0.5543834412733714,0.5576142814374645,0.6688579081597106
HAP1,55,33696,0.5701345932390962,0.5788049406242499,0.5545838393030139,0.7100011207808474
HAP1,56,34782,0.5845928384643269,0.5227216546903338,0.5532542903481914,0.6600870977250376
HAP1,57,34642,0.5747428577565493,0.5048408455645783,0.554081016707118,0.604777917632096
HAP1,58,33465,0.5773832425132304,0.4898541512900642,0.5539404854459341,0.5969141152428566
HAP1,59,34133,0.5321849415901878,0.5495867920597023,0.5586732535705079,0.6717533861194641
HAP1,60,34791,0.5558464536168969,0.5844579877421425,0.5559819760769095,0.6656589404378864
HAP1,61,33932,0.5618966766052199,0.5549304466972814,0.5554179907066957,0.5461502307061264
HAP1,62,34717,0.5343637766264088,0.5574471461024918,0.5586465814027468,0.6311629578406178
HAP1,63,33446,0.5385208499754007,0.4721107849214611,0.5579306077369892,0.6592168479541259
HAP1,64,33789,0.5395379273967277,0.5709508594367166,0.5579740248029682,0.6577060556918378
HAP1,65,33171,0.5433225313228216,0.561104638082885,0.5573917610223271,0.6669364467644521
HAP1,66,34004,0.5724501257335005,0.5048669401680619,0.5541538697434492,0.5348414759721211
HAP1,67,34368,0.5761662025146216,0.4745548359931497,0.5535208762290872,0.5909012008538113
HAP1,68,34088,0.5493059986707649,0.46799218731690406,0.5565888541474495,0.6234951636975306
HAP1,69,33945,0.5166471615371098,0.5389183531487824,0.5601115337392418,0.5147096646120062
HAP1,70,34233,0.5731129526789603,0.48685972381557097,0.5543737750343364,0.4984630685586166
HAP1,71,33576,0.5658085620994074,0.4981375922118757,0.5547191000445982,0.7320239252120742
HAP1,72,33959,0.5359465791590929,0.5405381939271134,0.5579886882841243,0.5313237172179477
HAP1,73,34650,0.542143006248177,0.6498854497544359,0.557509833782415,0.6764163305297053
HAP1,74,34529,0.5585080923058938,0.5715096533913304,0.5557268435313721,0.6381427586386875
HAP1,75,34210,0.533961253264984,0.5082890264406812,0.5589607933227326,0.6562329204070811
HAP1,76,34018,0.5486728514476416,0.5954346285067111,0.5569105060262322,0.6124513672906471
HAP1,77,33907,0.5547396595310884,0.7099399478543662,0.556177300702752,0.7239966618046962
HAP1,78,33740,0.5425554852474077,0.5443275319012401,0.557389071578958,0.6209701054383151
HAP1,79,33840,0.559624757640637,0.5710616653001034,0.5555996600479995,0.6156588341095508
HAP1,80,34224,0.5662265066621074,0.5686635636594906,0.5548758319224494,0.6242322780489279
HAP1,81,33916,0.5322913972279385,0.47413843206340966,0.5578992499353391,0.470254100296425
HAP1,82,33419,0.5773928517963879,0.5193781628223655,0.5534891166571636,0.6210765646879457
HAP1,83,34838,0.5672093752110191,0.6083165389118188,0.5544484181712473,0.6286614440509349
HAP1,84,33046,0.5859934724327347,0.532201925674703,0.552848680733698,0.6872369210914023
HAP1,85,33929,0.5767665922465526,0.46645834594603947,0.5534905839044182,0.662044753288983
HAP1,86,34133,0.5762474776983441,0.5388002890376495,0.5538510010048379,0.6159795957245843
HAP1,87,34313,0.5348789021322647,0.5639872166437013,0.558167174164266,0.68433202508713
HAP1,88,33770,0.5470614321329278,0.4126873376580998,0.5570504719762935,0.6114545276771797
HAP1,89,33540,0.5472901163225978,0.503325371158432,0.5569135116001642,0.48182285402841696
HAP1,90,34578,0.5614882175007385,0.5745717566077494,0.5553019829465506,0.7068237610822248
HAP1,91,33973,0.5691765163228223,0.5098936366489587,0.5545842490704532,0.6626222153783075
HAP1,92,34512,0.5204398895300817,0.6111342388823683,0.5597897005674272,0.6718624312141357
HAP1,93,33829,0.5432478516035357,0.42199787270762673,0.5576175176637723,0.5703750684788033
HAP1,94,33803,0.5736337061903872,0.46588109625979324,0.5541782028074398,0.5588273332997226
HAP1,95,33969,0.5386255485295063,0.45274773123282597,0.5577378974899887,0.5736249363638569
HAP1,96,33031,0.5759245818471039,0.4319674607470734,0.5538657560062159,0.5853349360341906
HAP1,97,33830,0.554815323413325,0.5169049615633058,0.5560910544535748,0.5964137008065927
HAP1,98,34019,0.5739165593277046,0.6559110300621427,0.5545216013657731,0.6577741424421416
HAP1,99,33148,0.575501341260299,0.4922753384869183,0.5537627052564461,0.618705691225577
