dataset,repeat,alpha,K,yield_M_T,yield_N_T,choose_N
Wainberg,0,0.05,10,67,33,0
Wainberg,0,0.1,10,112,42,0
Wainberg,0,0.2,10,155,93,0
Wainberg,1,0.05,10,48,48,0
Wainberg,1,0.1,10,101,60,0
Wainberg,1,0.2,10,162,99,0
Wainberg,2,0.05,10,56,44,0
Wainberg,2,0.1,10,108,53,0
Wainberg,2,0.2,10,161,110,0
Wainberg,3,0.05,10,93,81,0
Wainberg,3,0.1,10,131,110,0
Wainberg,3,0.2,10,207,169,0
Wainberg,4,0.05,10,59,38,0
Wainberg,4,0.1,10,97,58,0
Wainberg,4,0.2,10,150,91,0
Wainberg,5,0.05,10,77,58,0
Wainberg,5,0.1,10,139,85,0
Wainberg,5,0.2,10,186,174,0
Wainberg,6,0.05,10,91,88,0
Wainberg,6,0.1,10,157,115,0
Wainberg,6,0.2,10,218,185,0
Wainberg,7,0.05,10,84,73,0
Wainberg,7,0.1,10,124,81,0
Wainberg,7,0.2,10,195,135,0
Wainberg,8,0.05,10,66,47,0
Wainberg,8,0.1,10,122,78,0
Wainberg,8,0.2,10,165,147,0
Wainberg,9,0.05,10,55,45,0
Wainberg,9,0.1,10,110,63,0
Wainberg,9,0.2,10,165,120,0
Wainberg,10,0.05,10,61,65,1
Wainberg,10,0.1,10,112,85,0
Wainberg,10,0.2,10,171,162,0
Wainberg,11,0.05,10,68,42,0
Wainberg,11,0.1,10,131,52,0
Wainberg,11,0.2,10,179,136,0
Wainberg,12,0.05,10,58,69,1
Wainberg,12,0.1,10,120,80,0
Wainberg,12,0.2,10,159,118,0
Wainberg,13,0.05,10,64,46,0
Wainberg,13,0.1,10,111,54,0
Wainberg,13,0.2,10,160,108,0
Wainberg,14,0.05,10,74,54,0
Wainberg,14,0.1,10,122,68,0
Wainberg,14,0.2,10,175,149,0
Wainberg,15,0.05,10,67,55,0
Wainberg,15,0.1,10,125,71,0
Wainberg,15,0.2,10,187,134,0
Wainberg,16,0.05,10,62,57,0
Wainberg,16,0.1,10,113,65,0
Wainberg,16,0.2,10,168,115,0
Wainberg,17,0.05,10,71,50,0
Wainberg,17,0.1,10,113,62,0
Wainberg,17,0.2,10,167,121,0
Wainberg,18,0.05,10,87,79,0
Wainberg,18,0.1,10,140,94,0
Wainberg,18,0.2,10,222,145,0
Wainberg,19,0.05,10,62,59,0
Wainberg,19,0.1,10,101,75,0
Wainberg,19,0.2,10,185,123,0
Wainberg,20,0.05,10,80,49,0
Wainberg,20,0.1,10,115,77,0
Wainberg,20,0.2,10,188,141,0
Wainberg,21,0.05,10,60,53,0
Wainberg,21,0.1,10,100,71,0
Wainberg,21,0.2,10,150,130,0
Wainberg,22,0.05,10,69,64,0
Wainberg,22,0.1,10,123,78,0
Wainberg,22,0.2,10,175,123,0
Wainberg,23,0.05,10,83,59,0
Wainberg,23,0.1,10,143,73,0
Wainberg,23,0.2,10,204,154,0
Wainberg,24,0.05,10,86,66,0
Wainberg,24,0.1,10,133,91,0
Wainberg,24,0.2,10,211,174,0
Wainberg,25,0.05,10,73,55,0
Wainberg,25,0.1,10,104,62,0
Wainberg,25,0.2,10,187,109,0
Wainberg,26,0.05,10,44,48,1
Wainberg,26,0.1,10,78,62,0
Wainberg,26,0.2,10,149,97,0
Wainberg,27,0.05,10,66,28,0
Wainberg,27,0.1,10,99,51,0
Wainberg,27,0.2,10,144,95,0
Wainberg,28,0.05,10,55,57,1
Wainberg,28,0.1,10,120,62,0
Wainberg,28,0.2,10,175,91,0
Wainberg,29,0.05,10,74,67,0
Wainberg,29,0.1,10,114,77,0
Wainberg,29,0.2,10,169,121,0
Wainberg,30,0.05,10,67,30,0
Wainberg,30,0.1,10,119,81,0
Wainberg,30,0.2,10,179,129,0
Wainberg,31,0.05,10,78,53,0
Wainberg,31,0.1,10,132,56,0
Wainberg,31,0.2,10,178,110,0
Wainberg,32,0.05,10,78,54,0
Wainberg,32,0.1,10,120,67,0
Wainberg,32,0.2,10,188,151,0
Wainberg,33,0.05,10,64,67,1
Wainberg,33,0.1,10,119,94,0
Wainberg,33,0.2,10,172,150,0
Wainberg,34,0.05,10,79,52,0
Wainberg,34,0.1,10,112,79,0
Wainberg,34,0.2,10,167,155,0
Wainberg,35,0.05,10,65,44,0
Wainberg,35,0.1,10,107,63,0
Wainberg,35,0.2,10,157,132,0
Wainberg,36,0.05,10,71,74,1
Wainberg,36,0.1,10,127,95,0
Wainberg,36,0.2,10,194,149,0
Wainberg,37,0.05,10,61,42,0
Wainberg,37,0.1,10,99,63,0
Wainberg,37,0.2,10,173,109,0
Wainberg,38,0.05,10,60,57,0
Wainberg,38,0.1,10,115,73,0
Wainberg,38,0.2,10,161,121,0
Wainberg,39,0.05,10,73,49,0
Wainberg,39,0.1,10,137,64,0
Wainberg,39,0.2,10,226,159,0
Wainberg,40,0.05,10,45,39,0
Wainberg,40,0.1,10,69,49,0
Wainberg,40,0.2,10,123,92,0
Wainberg,41,0.05,10,41,12,0
Wainberg,41,0.1,10,79,33,0
Wainberg,41,0.2,10,122,79,0
Wainberg,42,0.05,10,86,57,0
Wainberg,42,0.1,10,137,68,0
Wainberg,42,0.2,10,200,120,0
Wainberg,43,0.05,10,56,46,0
Wainberg,43,0.1,10,101,58,0
Wainberg,43,0.2,10,157,97,0
Wainberg,44,0.05,10,52,49,0
Wainberg,44,0.1,10,89,63,0
Wainberg,44,0.2,10,144,95,0
Wainberg,45,0.05,10,85,66,0
Wainberg,45,0.1,10,136,101,0
Wainberg,45,0.2,10,205,184,0
Wainberg,46,0.05,10,89,65,0
Wainberg,46,0.1,10,143,111,0
Wainberg,46,0.2,10,201,172,0
Wainberg,47,0.05,10,70,66,0
Wainberg,47,0.1,10,109,92,0
Wainberg,47,0.2,10,157,143,0
Wainberg,48,0.05,10,86,74,0
Wainberg,48,0.1,10,130,91,0
Wainberg,48,0.2,10,238,176,0
Wainberg,49,0.05,10,47,38,0
Wainberg,49,0.1,10,79,49,0
Wainberg,49,0.2,10,110,81,0
Wainberg,50,0.05,10,70,81,1
Wainberg,50,0.1,10,145,86,0
Wainberg,50,0.2,10,205,160,0
Wainberg,51,0.05,10,50,42,0
Wainberg,51,0.1,10,109,63,0
Wainberg,51,0.2,10,161,126,0
Wainberg,52,0.05,10,59,28,0
Wainberg,52,0.1,10,104,44,0
Wainberg,52,0.2,10,164,111,0
Wainberg,53,0.05,10,77,72,0
Wainberg,53,0.1,10,120,89,0
Wainberg,53,0.2,10,170,155,0
Wainberg,54,0.05,10,77,45,0
Wainberg,54,0.1,10,133,74,0
Wainberg,54,0.2,10,184,126,0
Wainberg,55,0.05,10,70,49,0
Wainberg,55,0.1,10,126,60,0
Wainberg,55,0.2,10,178,106,0
Wainberg,56,0.05,10,67,55,0
Wainberg,56,0.1,10,114,62,0
Wainberg,56,0.2,10,166,112,0
Wainberg,57,0.05,10,76,52,0
Wainberg,57,0.1,10,123,80,0
Wainberg,57,0.2,10,167,135,0
Wainberg,58,0.05,10,65,40,0
Wainberg,58,0.1,10,110,65,0
Wainberg,58,0.2,10,164,112,0
Wainberg,59,0.05,10,72,91,1
Wainberg,59,0.1,10,128,98,0
Wainberg,59,0.2,10,194,156,0
Wainberg,60,0.05,10,59,39,0
Wainberg,60,0.1,10,102,50,0
Wainberg,60,0.2,10,169,93,0
Wainberg,61,0.05,10,81,79,0
Wainberg,61,0.1,10,135,87,0
Wainberg,61,0.2,10,199,154,0
Wainberg,62,0.05,10,90,54,0
Wainberg,62,0.1,10,146,75,0
Wainberg,62,0.2,10,199,133,0
Wainberg,63,0.05,10,53,44,0
Wainberg,63,0.1,10,108,55,0
Wainberg,63,0.2,10,170,115,0
Wainberg,64,0.05,10,78,67,0
Wainberg,64,0.1,10,125,89,0
Wainberg,64,0.2,10,179,144,0
Wainberg,65,0.05,10,55,63,1
Wainberg,65,0.1,10,109,78,0
Wainberg,65,0.2,10,152,141,0
Wainberg,66,0.05,10,58,59,1
Wainberg,66,0.1,10,102,73,0
Wainberg,66,0.2,10,140,119,0
Wainberg,67,0.05,10,72,56,0
Wainberg,67,0.1,10,122,89,0
Wainberg,67,0.2,10,192,146,0
Wainberg,68,0.05,10,56,43,0
Wainberg,68,0.1,10,101,70,0
Wainberg,68,0.2,10,153,120,0
Wainberg,69,0.05,10,57,43,0
Wainberg,69,0.1,10,92,53,0
Wainberg,69,0.2,10,146,118,0
Wainberg,70,0.05,10,76,62,0
Wainberg,70,0.1,10,127,81,0
Wainberg,70,0.2,10,174,129,0
Wainberg,71,0.05,10,75,51,0
Wainberg,71,0.1,10,136,116,0
Wainberg,71,0.2,10,207,186,0
Wainberg,72,0.05,10,77,96,1
Wainberg,72,0.1,10,131,112,0
Wainberg,72,0.2,10,202,175,0
Wainberg,73,0.05,10,92,81,0
Wainberg,73,0.1,10,144,92,0
Wainberg,73,0.2,10,208,133,0
Wainberg,74,0.05,10,58,42,0
Wainberg,74,0.1,10,101,54,0
Wainberg,74,0.2,10,166,105,0
Wainberg,75,0.05,10,77,45,0
Wainberg,75,0.1,10,125,55,0
Wainberg,75,0.2,10,179,108,0
Wainberg,76,0.05,10,83,67,0
Wainberg,76,0.1,10,136,79,0
Wainberg,76,0.2,10,186,129,0
Wainberg,77,0.05,10,63,40,0
Wainberg,77,0.1,10,125,63,0
Wainberg,77,0.2,10,175,130,0
Wainberg,78,0.05,10,51,27,0
Wainberg,78,0.1,10,102,43,0
Wainberg,78,0.2,10,150,86,0
Wainberg,79,0.05,10,68,34,0
Wainberg,79,0.1,10,117,53,0
Wainberg,79,0.2,10,183,118,0
Wainberg,80,0.05,10,78,71,0
Wainberg,80,0.1,10,148,87,0
Wainberg,80,0.2,10,206,134,0
Wainberg,81,0.05,10,114,121,1
Wainberg,81,0.1,10,182,140,0
Wainberg,81,0.2,10,250,208,0
Wainberg,82,0.05,10,61,55,0
Wainberg,82,0.1,10,105,67,0
Wainberg,82,0.2,10,196,148,0
Wainberg,83,0.05,10,85,61,0
Wainberg,83,0.1,10,151,79,0
Wainberg,83,0.2,10,215,132,0
Wainberg,84,0.05,10,57,46,0
Wainberg,84,0.1,10,103,49,0
Wainberg,84,0.2,10,161,123,0
Wainberg,85,0.05,10,55,43,0
Wainberg,85,0.1,10,93,61,0
Wainberg,85,0.2,10,146,107,0
Wainberg,86,0.05,10,81,71,0
Wainberg,86,0.1,10,126,90,0
Wainberg,86,0.2,10,191,149,0
Wainberg,87,0.05,10,68,53,0
Wainberg,87,0.1,10,125,65,0
Wainberg,87,0.2,10,180,118,0
Wainberg,88,0.05,10,63,45,0
Wainberg,88,0.1,10,98,51,0
Wainberg,88,0.2,10,171,102,0
Wainberg,89,0.05,10,74,64,0
Wainberg,89,0.1,10,148,76,0
Wainberg,89,0.2,10,201,175,0
Wainberg,90,0.05,10,54,45,0
Wainberg,90,0.1,10,92,81,0
Wainberg,90,0.2,10,142,122,0
Wainberg,91,0.05,10,55,56,1
Wainberg,91,0.1,10,114,65,0
Wainberg,91,0.2,10,161,134,0
Wainberg,92,0.05,10,65,63,0
Wainberg,92,0.1,10,116,71,0
Wainberg,92,0.2,10,187,113,0
Wainberg,93,0.05,10,63,49,0
Wainberg,93,0.1,10,99,55,0
Wainberg,93,0.2,10,177,119,0
Wainberg,94,0.05,10,65,33,0
Wainberg,94,0.1,10,117,56,0
Wainberg,94,0.2,10,169,140,0
Wainberg,95,0.05,10,64,83,1
Wainberg,95,0.1,10,122,104,0
Wainberg,95,0.2,10,181,160,0
Wainberg,96,0.05,10,58,33,0
Wainberg,96,0.1,10,92,65,0
Wainberg,96,0.2,10,140,110,0
Wainberg,97,0.05,10,56,63,1
Wainberg,97,0.1,10,119,95,0
Wainberg,97,0.2,10,175,159,0
Wainberg,98,0.05,10,52,37,0
Wainberg,98,0.1,10,92,44,0
Wainberg,98,0.2,10,150,112,0
Wainberg,99,0.05,10,106,116,1
Wainberg,99,0.1,10,150,133,0
Wainberg,99,0.2,10,252,200,0
Sanger,0,0.05,10,81,177,1
Sanger,0,0.1,10,139,252,1
Sanger,0,0.2,10,670,641,0
Sanger,1,0.05,10,68,104,1
Sanger,1,0.1,10,110,188,1
Sanger,1,0.2,10,497,483,0
Sanger,2,0.05,10,97,119,1
Sanger,2,0.1,10,119,227,1
Sanger,2,0.2,10,607,550,0
Sanger,3,0.05,10,101,162,1
Sanger,3,0.1,10,133,237,1
Sanger,3,0.2,10,468,508,1
Sanger,4,0.05,10,78,69,0
Sanger,4,0.1,10,119,163,1
Sanger,4,0.2,10,491,551,1
Sanger,5,0.05,10,71,123,1
Sanger,5,0.1,10,126,205,1
Sanger,5,0.2,10,498,572,1
Sanger,6,0.05,10,60,57,0
Sanger,6,0.1,10,94,118,1
Sanger,6,0.2,10,430,453,1
Sanger,7,0.05,10,72,112,1
Sanger,7,0.1,10,139,185,1
Sanger,7,0.2,10,431,484,1
Sanger,8,0.05,10,62,112,1
Sanger,8,0.1,10,131,191,1
Sanger,8,0.2,10,546,496,0
Sanger,9,0.05,10,103,157,1
Sanger,9,0.1,10,158,274,1
Sanger,9,0.2,10,468,584,1
Sanger,10,0.05,10,85,92,1
Sanger,10,0.1,10,143,169,1
Sanger,10,0.2,10,532,478,0
Sanger,11,0.05,10,69,72,1
Sanger,11,0.1,10,118,128,1
Sanger,11,0.2,10,442,415,0
Sanger,12,0.05,10,104,124,1
Sanger,12,0.1,10,161,222,1
Sanger,12,0.2,10,522,586,1
Sanger,13,0.05,10,74,92,1
Sanger,13,0.1,10,144,138,0
Sanger,13,0.2,10,506,448,0
Sanger,14,0.05,10,110,230,1
Sanger,14,0.1,10,221,306,1
Sanger,14,0.2,10,629,631,1
Sanger,15,0.05,10,74,117,1
Sanger,15,0.1,10,133,173,1
Sanger,15,0.2,10,413,432,1
Sanger,16,0.05,10,64,137,1
Sanger,16,0.1,10,92,234,1
Sanger,16,0.2,10,450,515,1
Sanger,17,0.05,10,84,113,1
Sanger,17,0.1,10,134,203,1
Sanger,17,0.2,10,565,542,0
Sanger,18,0.05,10,61,107,1
Sanger,18,0.1,10,120,136,1
Sanger,18,0.2,10,426,486,1
Sanger,19,0.05,10,101,154,1
Sanger,19,0.1,10,131,225,1
Sanger,19,0.2,10,457,468,1
Sanger,20,0.05,10,74,74,0
Sanger,20,0.1,10,116,138,1
Sanger,20,0.2,10,392,424,1
Sanger,21,0.05,10,48,52,1
Sanger,21,0.1,10,99,99,0
Sanger,21,0.2,10,383,466,1
Sanger,22,0.05,10,79,171,1
Sanger,22,0.1,10,133,232,1
Sanger,22,0.2,10,550,527,0
Sanger,23,0.05,10,75,123,1
Sanger,23,0.1,10,125,199,1
Sanger,23,0.2,10,448,502,1
Sanger,24,0.05,10,86,75,0
Sanger,24,0.1,10,134,127,0
Sanger,24,0.2,10,543,446,0
Sanger,25,0.05,10,76,61,0
Sanger,25,0.1,10,120,126,1
Sanger,25,0.2,10,421,464,1
Sanger,26,0.05,10,79,78,0
Sanger,26,0.1,10,123,152,1
Sanger,26,0.2,10,473,532,1
Sanger,27,0.05,10,63,98,1
Sanger,27,0.1,10,96,182,1
Sanger,27,0.2,10,412,481,1
Sanger,28,0.05,10,81,125,1
Sanger,28,0.1,10,136,209,1
Sanger,28,0.2,10,507,474,0
Sanger,29,0.05,10,59,147,1
Sanger,29,0.1,10,151,238,1
Sanger,29,0.2,10,536,581,1
Sanger,30,0.05,10,69,80,1
Sanger,30,0.1,10,135,169,1
Sanger,30,0.2,10,526,487,0
Sanger,31,0.05,10,80,195,1
Sanger,31,0.1,10,145,262,1
Sanger,31,0.2,10,461,528,1
Sanger,32,0.05,10,77,108,1
Sanger,32,0.1,10,130,159,1
Sanger,32,0.2,10,483,526,1
Sanger,33,0.05,10,69,99,1
Sanger,33,0.1,10,96,170,1
Sanger,33,0.2,10,490,495,1
Sanger,34,0.05,10,109,131,1
Sanger,34,0.1,10,166,208,1
Sanger,34,0.2,10,506,581,1
Sanger,35,0.05,10,66,93,1
Sanger,35,0.1,10,106,169,1
Sanger,35,0.2,10,391,417,1
Sanger,36,0.05,10,76,88,1
Sanger,36,0.1,10,153,182,1
Sanger,36,0.2,10,509,492,0
Sanger,37,0.05,10,64,107,1
Sanger,37,0.1,10,111,152,1
Sanger,37,0.2,10,590,494,0
Sanger,38,0.05,10,87,132,1
Sanger,38,0.1,10,171,203,1
Sanger,38,0.2,10,532,574,1
Sanger,39,0.05,10,108,106,0
Sanger,39,0.1,10,140,197,1
Sanger,39,0.2,10,439,498,1
Sanger,40,0.05,10,85,151,1
Sanger,40,0.1,10,153,224,1
Sanger,40,0.2,10,576,555,0
Sanger,41,0.05,10,61,88,1
Sanger,41,0.1,10,108,157,1
Sanger,41,0.2,10,415,495,1
Sanger,42,0.05,10,59,71,1
Sanger,42,0.1,10,102,146,1
Sanger,42,0.2,10,442,475,1
Sanger,43,0.05,10,91,177,1
Sanger,43,0.1,10,150,219,1
Sanger,43,0.2,10,488,463,0
Sanger,44,0.05,10,70,134,1
Sanger,44,0.1,10,119,188,1
Sanger,44,0.2,10,405,443,1
Sanger,45,0.05,10,63,102,1
Sanger,45,0.1,10,96,147,1
Sanger,45,0.2,10,387,356,0
Sanger,46,0.05,10,86,141,1
Sanger,46,0.1,10,129,207,1
Sanger,46,0.2,10,455,418,0
Sanger,47,0.05,10,96,148,1
Sanger,47,0.1,10,176,274,1
Sanger,47,0.2,10,497,555,1
Sanger,48,0.05,10,65,131,1
Sanger,48,0.1,10,126,197,1
Sanger,48,0.2,10,499,486,0
Sanger,49,0.05,10,77,88,1
Sanger,49,0.1,10,114,125,1
Sanger,49,0.2,10,481,467,0
Sanger,50,0.05,10,71,90,1
Sanger,50,0.1,10,123,158,1
Sanger,50,0.2,10,557,485,0
Sanger,51,0.05,10,78,98,1
Sanger,51,0.1,10,129,192,1
Sanger,51,0.2,10,437,501,1
Sanger,52,0.05,10,88,111,1
Sanger,52,0.1,10,153,173,1
Sanger,52,0.2,10,506,464,0
Sanger,53,0.05,10,72,92,1
Sanger,53,0.1,10,113,139,1
Sanger,53,0.2,10,411,440,1
Sanger,54,0.05,10,74,114,1
Sanger,54,0.1,10,130,161,1
Sanger,54,0.2,10,548,508,0
Sanger,55,0.05,10,79,73,0
Sanger,55,0.1,10,126,156,1
Sanger,55,0.2,10,410,466,1
Sanger,56,0.05,10,86,104,1
Sanger,56,0.1,10,132,172,1
Sanger,56,0.2,10,517,566,1
Sanger,57,0.05,10,53,84,1
Sanger,57,0.1,10,106,139,1
Sanger,57,0.2,10,397,456,1
Sanger,58,0.05,10,69,152,1
Sanger,58,0.1,10,126,217,1
Sanger,58,0.2,10,545,537,0
Sanger,59,0.05,10,77,97,1
Sanger,59,0.1,10,121,175,1
Sanger,59,0.2,10,478,457,0
Sanger,60,0.05,10,73,78,1
Sanger,60,0.1,10,110,113,1
Sanger,60,0.2,10,500,468,0
Sanger,61,0.05,10,83,128,1
Sanger,61,0.1,10,130,206,1
Sanger,61,0.2,10,576,551,0
Sanger,62,0.05,10,87,67,0
Sanger,62,0.1,10,116,118,1
Sanger,62,0.2,10,407,488,1
Sanger,63,0.05,10,76,83,1
Sanger,63,0.1,10,106,169,1
Sanger,63,0.2,10,429,455,1
Sanger,64,0.05,10,90,107,1
Sanger,64,0.1,10,126,173,1
Sanger,64,0.2,10,370,394,1
Sanger,65,0.05,10,67,114,1
Sanger,65,0.1,10,137,182,1
Sanger,65,0.2,10,430,485,1
Sanger,66,0.05,10,63,98,1
Sanger,66,0.1,10,125,163,1
Sanger,66,0.2,10,437,511,1
Sanger,67,0.05,10,58,87,1
Sanger,67,0.1,10,119,123,1
Sanger,67,0.2,10,418,429,1
Sanger,68,0.05,10,77,105,1
Sanger,68,0.1,10,144,155,1
Sanger,68,0.2,10,467,481,1
Sanger,69,0.05,10,87,134,1
Sanger,69,0.1,10,130,220,1
Sanger,69,0.2,10,492,413,0
Sanger,70,0.05,10,62,114,1
Sanger,70,0.1,10,95,167,1
Sanger,70,0.2,10,442,482,1
Sanger,71,0.05,10,77,151,1
Sanger,71,0.1,10,121,217,1
Sanger,71,0.2,10,382,457,1
Sanger,72,0.05,10,71,127,1
Sanger,72,0.1,10,117,217,1
Sanger,72,0.2,10,523,483,0
Sanger,73,0.05,10,90,125,1
Sanger,73,0.1,10,142,235,1
Sanger,73,0.2,10,574,532,0
Sanger,74,0.05,10,61,135,1
Sanger,74,0.1,10,102,202,1
Sanger,74,0.2,10,507,563,1
Sanger,75,0.05,10,80,131,1
Sanger,75,0.1,10,144,198,1
Sanger,75,0.2,10,596,542,0
Sanger,76,0.05,10,69,155,1
Sanger,76,0.1,10,133,240,1
Sanger,76,0.2,10,496,552,1
Sanger,77,0.05,10,74,128,1
Sanger,77,0.1,10,132,201,1
Sanger,77,0.2,10,456,541,1
Sanger,78,0.05,10,57,107,1
Sanger,78,0.1,10,106,151,1
Sanger,78,0.2,10,397,414,1
Sanger,79,0.05,10,87,79,0
Sanger,79,0.1,10,110,173,1
Sanger,79,0.2,10,391,473,1
Sanger,80,0.05,10,92,186,1
Sanger,80,0.1,10,153,274,1
Sanger,80,0.2,10,509,565,1
Sanger,81,0.05,10,70,128,1
Sanger,81,0.1,10,105,183,1
Sanger,81,0.2,10,454,508,1
Sanger,82,0.05,10,73,105,1
Sanger,82,0.1,10,122,203,1
Sanger,82,0.2,10,421,440,1
Sanger,83,0.05,10,56,135,1
Sanger,83,0.1,10,79,198,1
Sanger,83,0.2,10,432,491,1
Sanger,84,0.05,10,78,79,1
Sanger,84,0.1,10,121,148,1
Sanger,84,0.2,10,438,493,1
Sanger,85,0.05,10,63,101,1
Sanger,85,0.1,10,117,146,1
Sanger,85,0.2,10,556,521,0
Sanger,86,0.05,10,91,84,0
Sanger,86,0.1,10,131,134,1
Sanger,86,0.2,10,455,455,0
Sanger,87,0.05,10,68,63,0
Sanger,87,0.1,10,103,136,1
Sanger,87,0.2,10,459,422,0
Sanger,88,0.05,10,81,116,1
Sanger,88,0.1,10,124,211,1
Sanger,88,0.2,10,436,533,1
Sanger,89,0.05,10,80,145,1
Sanger,89,0.1,10,122,199,1
Sanger,89,0.2,10,409,470,1
Sanger,90,0.05,10,65,156,1
Sanger,90,0.1,10,106,207,1
Sanger,90,0.2,10,436,465,1
Sanger,91,0.05,10,84,123,1
Sanger,91,0.1,10,144,200,1
Sanger,91,0.2,10,477,459,0
Sanger,92,0.05,10,93,70,0
Sanger,92,0.1,10,149,157,1
Sanger,92,0.2,10,550,522,0
Sanger,93,0.05,10,74,180,1
Sanger,93,0.1,10,116,250,1
Sanger,93,0.2,10,512,514,1
Sanger,94,0.05,10,117,93,0
Sanger,94,0.1,10,140,152,1
Sanger,94,0.2,10,480,495,1
Sanger,95,0.05,10,85,130,1
Sanger,95,0.1,10,139,216,1
Sanger,95,0.2,10,446,523,1
Sanger,96,0.05,10,71,146,1
Sanger,96,0.1,10,135,210,1
Sanger,96,0.2,10,512,462,0
Sanger,97,0.05,10,107,84,0
Sanger,97,0.1,10,161,146,0
Sanger,97,0.2,10,571,561,0
Sanger,98,0.05,10,92,124,1
Sanger,98,0.1,10,137,209,1
Sanger,98,0.2,10,427,507,1
Sanger,99,0.05,10,76,114,1
Sanger,99,0.1,10,137,216,1
Sanger,99,0.2,10,534,490,0
DRIVE,0,0.05,10,34,24,0
DRIVE,0,0.1,10,87,68,0
DRIVE,0,0.2,10,240,240,0
DRIVE,1,0.05,10,57,49,0
DRIVE,1,0.1,10,183,82,0
DRIVE,1,0.2,10,255,255,0
DRIVE,2,0.05,10,25,15,0
DRIVE,2,0.1,10,93,68,0
DRIVE,2,0.2,10,252,252,0
DRIVE,3,0.05,10,33,47,1
DRIVE,3,0.1,10,139,101,0
DRIVE,3,0.2,10,241,241,0
DRIVE,4,0.05,10,25,38,1
DRIVE,4,0.1,10,82,88,1
DRIVE,4,0.2,10,212,212,0
DRIVE,5,0.05,10,25,43,1
DRIVE,5,0.1,10,90,81,0
DRIVE,5,0.2,10,269,269,0
DRIVE,6,0.05,10,24,20,0
DRIVE,6,0.1,10,101,65,0
DRIVE,6,0.2,10,240,240,0
DRIVE,7,0.05,10,30,19,0
DRIVE,7,0.1,10,89,57,0
DRIVE,7,0.2,10,180,180,0
DRIVE,8,0.05,10,37,46,1
DRIVE,8,0.1,10,107,112,1
DRIVE,8,0.2,10,231,231,0
DRIVE,9,0.05,10,25,7,0
DRIVE,9,0.1,10,83,32,0
DRIVE,9,0.2,10,154,154,0
DRIVE,10,0.05,10,29,36,1
DRIVE,10,0.1,10,76,74,0
DRIVE,10,0.2,10,193,193,0
DRIVE,11,0.05,10,55,37,0
DRIVE,11,0.1,10,123,68,0
DRIVE,11,0.2,10,223,223,0
DRIVE,12,0.05,10,25,50,1
DRIVE,12,0.1,10,80,84,1
DRIVE,12,0.2,10,232,232,0
DRIVE,13,0.05,10,20,24,1
DRIVE,13,0.1,10,90,61,0
DRIVE,13,0.2,10,191,191,0
DRIVE,14,0.05,10,30,20,0
DRIVE,14,0.1,10,57,70,1
DRIVE,14,0.2,10,230,230,0
DRIVE,15,0.05,10,40,34,0
DRIVE,15,0.1,10,101,52,0
DRIVE,15,0.2,10,227,227,0
DRIVE,16,0.05,10,33,27,0
DRIVE,16,0.1,10,91,43,0
DRIVE,16,0.2,10,217,180,0
DRIVE,17,0.05,10,43,47,1
DRIVE,17,0.1,10,126,94,0
DRIVE,17,0.2,10,295,295,0
DRIVE,18,0.05,10,25,34,1
DRIVE,18,0.1,10,94,59,0
DRIVE,18,0.2,10,207,207,0
DRIVE,19,0.05,10,20,33,1
DRIVE,19,0.1,10,69,81,1
DRIVE,19,0.2,10,260,260,0
DRIVE,20,0.05,10,39,42,1
DRIVE,20,0.1,10,118,70,0
DRIVE,20,0.2,10,250,250,0
DRIVE,21,0.05,10,26,23,0
DRIVE,21,0.1,10,56,35,0
DRIVE,21,0.2,10,215,215,0
DRIVE,22,0.05,10,19,42,1
DRIVE,22,0.1,10,92,82,0
DRIVE,22,0.2,10,224,224,0
DRIVE,23,0.05,10,17,26,1
DRIVE,23,0.1,10,48,42,0
DRIVE,23,0.2,10,237,237,0
DRIVE,24,0.05,10,42,53,1
DRIVE,24,0.1,10,119,74,0
DRIVE,24,0.2,10,291,251,0
DRIVE,25,0.05,10,52,58,1
DRIVE,25,0.1,10,112,87,0
DRIVE,25,0.2,10,195,195,0
DRIVE,26,0.05,10,20,9,0
DRIVE,26,0.1,10,92,65,0
DRIVE,26,0.2,10,169,169,0
DRIVE,27,0.05,10,23,54,1
DRIVE,27,0.1,10,92,92,0
DRIVE,27,0.2,10,215,215,0
DRIVE,28,0.05,10,63,47,0
DRIVE,28,0.1,10,105,65,0
DRIVE,28,0.2,10,245,245,0
DRIVE,29,0.05,10,30,31,1
DRIVE,29,0.1,10,108,68,0
DRIVE,29,0.2,10,290,290,0
DRIVE,30,0.05,10,22,12,0
DRIVE,30,0.1,10,99,31,0
DRIVE,30,0.2,10,199,199,0
DRIVE,31,0.05,10,38,60,1
DRIVE,31,0.1,10,94,108,1
DRIVE,31,0.2,10,308,308,0
DRIVE,32,0.05,10,25,39,1
DRIVE,32,0.1,10,62,74,1
DRIVE,32,0.2,10,201,153,0
DRIVE,33,0.05,10,37,46,1
DRIVE,33,0.1,10,111,92,0
DRIVE,33,0.2,10,307,307,0
DRIVE,34,0.05,10,38,35,0
DRIVE,34,0.1,10,108,50,0
DRIVE,34,0.2,10,203,203,0
DRIVE,35,0.05,10,37,65,1
DRIVE,35,0.1,10,88,115,1
DRIVE,35,0.2,10,276,276,0
DRIVE,36,0.05,10,54,56,1
DRIVE,36,0.1,10,128,79,0
DRIVE,36,0.2,10,237,237,0
DRIVE,37,0.05,10,66,85,1
DRIVE,37,0.1,10,165,136,0
DRIVE,37,0.2,10,309,309,0
DRIVE,38,0.05,10,29,22,0
DRIVE,38,0.1,10,65,66,1
DRIVE,38,0.2,10,245,206,0
DRIVE,39,0.05,10,50,36,0
DRIVE,39,0.1,10,115,50,0
DRIVE,39,0.2,10,243,243,0
DRIVE,40,0.05,10,30,28,0
DRIVE,40,0.1,10,66,41,0
DRIVE,40,0.2,10,201,201,0
DRIVE,41,0.05,10,19,18,0
DRIVE,41,0.1,10,65,27,0
DRIVE,41,0.2,10,173,173,0
DRIVE,42,0.05,10,23,27,1
DRIVE,42,0.1,10,72,49,0
DRIVE,42,0.2,10,232,232,0
DRIVE,43,0.05,10,20,9,0
DRIVE,43,0.1,10,68,39,0
DRIVE,43,0.2,10,204,204,0
DRIVE,44,0.05,10,57,69,1
DRIVE,44,0.1,10,139,120,0
DRIVE,44,0.2,10,228,228,0
DRIVE,45,0.05,10,57,57,0
DRIVE,45,0.1,10,131,100,0
DRIVE,45,0.2,10,234,234,0
DRIVE,46,0.05,10,50,11,0
DRIVE,46,0.1,10,108,39,0
DRIVE,46,0.2,10,229,229,0
DRIVE,47,0.05,10,40,20,0
DRIVE,47,0.1,10,80,48,0
DRIVE,47,0.2,10,178,178,0
DRIVE,48,0.05,10,22,41,1
DRIVE,48,0.1,10,69,88,1
DRIVE,48,0.2,10,187,187,0
DRIVE,49,0.05,10,19,32,1
DRIVE,49,0.1,10,66,49,0
DRIVE,49,0.2,10,225,182,0
DRIVE,50,0.05,10,53,99,1
DRIVE,50,0.1,10,123,119,0
DRIVE,50,0.2,10,285,285,0
DRIVE,51,0.05,10,23,39,1
DRIVE,51,0.1,10,73,59,0
DRIVE,51,0.2,10,220,186,0
DRIVE,52,0.05,10,16,19,1
DRIVE,52,0.1,10,61,28,0
DRIVE,52,0.2,10,159,129,0
DRIVE,53,0.05,10,30,42,1
DRIVE,53,0.1,10,96,81,0
DRIVE,53,0.2,10,201,201,0
DRIVE,54,0.05,10,38,36,0
DRIVE,54,0.1,10,93,67,0
DRIVE,54,0.2,10,248,248,0
DRIVE,55,0.05,10,40,35,0
DRIVE,55,0.1,10,95,72,0
DRIVE,55,0.2,10,259,259,0
DRIVE,56,0.05,10,42,20,0
DRIVE,56,0.1,10,94,31,0
DRIVE,56,0.2,10,284,284,0
DRIVE,57,0.05,10,27,18,0
DRIVE,57,0.1,10,86,55,0
DRIVE,57,0.2,10,217,217,0
DRIVE,58,0.05,10,50,60,1
DRIVE,58,0.1,10,113,122,1
DRIVE,58,0.2,10,227,227,0
DRIVE,59,0.05,10,30,29,0
DRIVE,59,0.1,10,112,51,0
DRIVE,59,0.2,10,190,190,0
DRIVE,60,0.05,10,34,44,1
DRIVE,60,0.1,10,81,102,1
DRIVE,60,0.2,10,256,256,0
DRIVE,61,0.05,10,58,55,0
DRIVE,61,0.1,10,100,109,1
DRIVE,61,0.2,10,261,222,0
DRIVE,62,0.05,10,26,39,1
DRIVE,62,0.1,10,82,66,0
DRIVE,62,0.2,10,278,278,0
DRIVE,63,0.05,10,37,38,1
DRIVE,63,0.1,10,109,85,0
DRIVE,63,0.2,10,197,197,0
DRIVE,64,0.05,10,35,44,1
DRIVE,64,0.1,10,94,95,1
DRIVE,64,0.2,10,198,198,0
DRIVE,65,0.05,10,39,60,1
DRIVE,65,0.1,10,108,123,1
DRIVE,65,0.2,10,266,266,0
DRIVE,66,0.05,10,38,23,0
DRIVE,66,0.1,10,93,52,0
DRIVE,66,0.2,10,230,230,0
DRIVE,67,0.05,10,47,20,0
DRIVE,67,0.1,10,91,41,0
DRIVE,67,0.2,10,191,191,0
DRIVE,68,0.05,10,43,63,1
DRIVE,68,0.1,10,106,98,0
DRIVE,68,0.2,10,244,244,0
DRIVE,69,0.05,10,37,58,1
DRIVE,69,0.1,10,96,78,0
DRIVE,69,0.2,10,281,281,0
DRIVE,70,0.05,10,58,35,0
DRIVE,70,0.1,10,124,75,0
DRIVE,70,0.2,10,264,264,0
DRIVE,71,0.05,10,44,33,0
DRIVE,71,0.1,10,112,69,0
DRIVE,71,0.2,10,239,239,0
DRIVE,72,0.05,10,27,29,1
DRIVE,72,0.1,10,69,35,0
DRIVE,72,0.2,10,220,220,0
DRIVE,73,0.05,10,47,26,0
DRIVE,73,0.1,10,119,62,0
DRIVE,73,0.2,10,191,191,0
DRIVE,74,0.05,10,40,35,0
DRIVE,74,0.1,10,100,92,0
DRIVE,74,0.2,10,217,217,0
DRIVE,75,0.05,10,37,51,1
DRIVE,75,0.1,10,69,86,1
DRIVE,75,0.2,10,240,240,0
DRIVE,76,0.05,10,62,36,0
DRIVE,76,0.1,10,109,101,0
DRIVE,76,0.2,10,260,260,0
DRIVE,77,0.05,10,43,94,1
DRIVE,77,0.1,10,106,159,1
DRIVE,77,0.2,10,299,279,0
DRIVE,78,0.05,10,39,29,0
DRIVE,78,0.1,10,87,54,0
DRIVE,78,0.2,10,209,209,0
DRIVE,79,0.05,10,26,33,1
DRIVE,79,0.1,10,59,43,0
DRIVE,79,0.2,10,265,265,0
DRIVE,80,0.05,10,41,51,1
DRIVE,80,0.1,10,97,93,0
DRIVE,80,0.2,10,205,205,0
DRIVE,81,0.05,10,40,55,1
DRIVE,81,0.1,10,127,80,0
DRIVE,81,0.2,10,224,224,0
DRIVE,82,0.05,10,55,43,0
DRIVE,82,0.1,10,100,67,0
DRIVE,82,0.2,10,226,226,0
DRIVE,83,0.05,10,50,26,0
DRIVE,83,0.1,10,115,58,0
DRIVE,83,0.2,10,231,231,0
DRIVE,84,0.05,10,36,21,0
DRIVE,84,0.1,10,125,40,0
DRIVE,84,0.2,10,259,259,0
DRIVE,85,0.05,10,28,16,0
DRIVE,85,0.1,10,75,50,0
DRIVE,85,0.2,10,184,184,0
DRIVE,86,0.05,10,23,32,1
DRIVE,86,0.1,10,94,67,0
DRIVE,86,0.2,10,201,201,0
DRIVE,87,0.05,10,23,45,1
DRIVE,87,0.1,10,61,71,1
DRIVE,87,0.2,10,209,172,0
DRIVE,88,0.05,10,44,51,1
DRIVE,88,0.1,10,115,96,0
DRIVE,88,0.2,10,276,276,0
DRIVE,89,0.05,10,41,39,0
DRIVE,89,0.1,10,146,83,0
DRIVE,89,0.2,10,253,253,0
DRIVE,90,0.05,10,59,53,0
DRIVE,90,0.1,10,131,81,0
DRIVE,90,0.2,10,233,233,0
DRIVE,91,0.05,10,68,56,0
DRIVE,91,0.1,10,157,82,0
DRIVE,91,0.2,10,226,226,0
DRIVE,92,0.05,10,15,33,1
DRIVE,92,0.1,10,93,66,0
DRIVE,92,0.2,10,194,194,0
DRIVE,93,0.05,10,33,4,0
DRIVE,93,0.1,10,92,48,0
DRIVE,93,0.2,10,229,229,0
DRIVE,94,0.05,10,21,11,0
DRIVE,94,0.1,10,52,33,0
DRIVE,94,0.2,10,220,100,0
DRIVE,95,0.05,10,33,36,1
DRIVE,95,0.1,10,128,85,0
DRIVE,95,0.2,10,234,234,0
DRIVE,96,0.05,10,24,53,1
DRIVE,96,0.1,10,81,75,0
DRIVE,96,0.2,10,229,194,0
DRIVE,97,0.05,10,51,39,0
DRIVE,97,0.1,10,98,64,0
DRIVE,97,0.2,10,193,193,0
DRIVE,98,0.05,10,34,41,1
DRIVE,98,0.1,10,108,69,0
DRIVE,98,0.2,10,228,228,0
DRIVE,99,0.05,10,42,25,0
DRIVE,99,0.1,10,148,59,0
DRIVE,99,0.2,10,265,265,0
HAP1,0,0.05,10,32,33,1
HAP1,0,0.1,10,42,44,1
HAP1,0,0.2,10,51,70,1
HAP1,1,0.05,10,19,48,1
HAP1,1,0.1,10,28,66,1
HAP1,1,0.2,10,40,79,1
HAP1,2,0.05,10,45,100,1
HAP1,2,0.1,10,60,118,1
HAP1,2,0.2,10,84,162,1
HAP1,3,0.05,10,25,54,1
HAP1,3,0.1,10,33,71,1
HAP1,3,0.2,10,42,98,1
HAP1,4,0.05,10,36,50,1
HAP1,4,0.1,10,49,76,1
HAP1,4,0.2,10,66,100,1
HAP1,5,0.05,10,49,102,1
HAP1,5,0.1,10,60,110,1
HAP1,5,0.2,10,75,136,1
HAP1,6,0.05,10,17,61,1
HAP1,6,0.1,10,25,76,1
HAP1,6,0.2,10,45,97,1
HAP1,7,0.05,10,47,52,1
HAP1,7,0.1,10,57,67,1
HAP1,7,0.2,10,64,92,1
HAP1,8,0.05,10,44,69,1
HAP1,8,0.1,10,61,101,1
HAP1,8,0.2,10,83,125,1
HAP1,9,0.05,10,17,34,1
HAP1,9,0.1,10,32,52,1
HAP1,9,0.2,10,57,77,1
HAP1,10,0.05,10,43,47,1
HAP1,10,0.1,10,57,57,0
HAP1,10,0.2,10,76,86,1
HAP1,11,0.05,10,34,75,1
HAP1,11,0.1,10,43,88,1
HAP1,11,0.2,10,56,104,1
HAP1,12,0.05,10,27,43,1
HAP1,12,0.1,10,40,66,1
HAP1,12,0.2,10,51,78,1
HAP1,13,0.05,10,50,77,1
HAP1,13,0.1,10,60,96,1
HAP1,13,0.2,10,75,136,1
HAP1,14,0.05,10,33,40,1
HAP1,14,0.1,10,39,75,1
HAP1,14,0.2,10,52,100,1
HAP1,15,0.05,10,34,32,0
HAP1,15,0.1,10,40,46,1
HAP1,15,0.2,10,56,59,1
HAP1,16,0.05,10,29,61,1
HAP1,16,0.1,10,39,81,1
HAP1,16,0.2,10,47,111,1
HAP1,17,0.05,10,35,42,1
HAP1,17,0.1,10,53,71,1
HAP1,17,0.2,10,75,109,1
HAP1,18,0.05,10,35,40,1
HAP1,18,0.1,10,42,44,1
HAP1,18,0.2,10,53,57,1
HAP1,19,0.05,10,42,21,0
HAP1,19,0.1,10,53,39,0
HAP1,19,0.2,10,63,62,0
HAP1,20,0.05,10,35,60,1
HAP1,20,0.1,10,52,72,1
HAP1,20,0.2,10,70,95,1
HAP1,21,0.05,10,42,44,1
HAP1,21,0.1,10,44,64,1
HAP1,21,0.2,10,65,89,1
HAP1,22,0.05,10,20,24,1
HAP1,22,0.1,10,28,35,1
HAP1,22,0.2,10,42,54,1
HAP1,23,0.05,10,29,60,1
HAP1,23,0.1,10,39,78,1
HAP1,23,0.2,10,54,89,1
HAP1,24,0.05,10,26,32,1
HAP1,24,0.1,10,42,56,1
HAP1,24,0.2,10,56,79,1
HAP1,25,0.05,10,34,35,1
HAP1,25,0.1,10,47,43,0
HAP1,25,0.2,10,58,58,0
HAP1,26,0.05,10,19,8,0
HAP1,26,0.1,10,32,31,0
HAP1,26,0.2,10,51,43,0
HAP1,27,0.05,10,36,61,1
HAP1,27,0.1,10,48,78,1
HAP1,27,0.2,10,64,96,1
HAP1,28,0.05,10,39,108,1
HAP1,28,0.1,10,59,123,1
HAP1,28,0.2,10,73,141,1
HAP1,29,0.05,10,33,38,1
HAP1,29,0.1,10,40,58,1
HAP1,29,0.2,10,55,79,1
HAP1,30,0.05,10,38,47,1
HAP1,30,0.1,10,43,67,1
HAP1,30,0.2,10,60,81,1
HAP1,31,0.05,10,31,27,0
HAP1,31,0.1,10,45,52,1
HAP1,31,0.2,10,70,89,1
HAP1,32,0.05,10,26,75,1
HAP1,32,0.1,10,30,82,1
HAP1,32,0.2,10,41,100,1
HAP1,33,0.05,10,27,64,1
HAP1,33,0.1,10,35,85,1
HAP1,33,0.2,10,47,108,1
HAP1,34,0.05,10,28,59,1
HAP1,34,0.1,10,38,78,1
HAP1,34,0.2,10,55,99,1
HAP1,35,0.05,10,22,37,1
HAP1,35,0.1,10,32,44,1
HAP1,35,0.2,10,52,74,1
HAP1,36,0.05,10,35,77,1
HAP1,36,0.1,10,43,101,1
HAP1,36,0.2,10,58,125,1
HAP1,37,0.05,10,28,43,1
HAP1,37,0.1,10,43,73,1
HAP1,37,0.2,10,63,105,1
HAP1,38,0.05,10,42,62,1
HAP1,38,0.1,10,52,91,1
HAP1,38,0.2,10,74,122,1
HAP1,39,0.05,10,37,59,1
HAP1,39,0.1,10,49,78,1
HAP1,39,0.2,10,69,102,1
HAP1,40,0.05,10,40,57,1
HAP1,40,0.1,10,50,83,1
HAP1,40,0.2,10,81,111,1
HAP1,41,0.05,10,32,16,0
HAP1,41,0.1,10,44,27,0
HAP1,41,0.2,10,71,45,0
HAP1,42,0.05,10,41,45,1
HAP1,42,0.1,10,54,67,1
HAP1,42,0.2,10,72,95,1
HAP1,43,0.05,10,30,43,1
HAP1,43,0.1,10,49,54,1
HAP1,43,0.2,10,69,87,1
HAP1,44,0.05,10,28,36,1
HAP1,44,0.1,10,35,52,1
HAP1,44,0.2,10,51,83,1
HAP1,45,0.05,10,34,31,0
HAP1,45,0.1,10,48,49,1
HAP1,45,0.2,10,68,65,0
HAP1,46,0.05,10,18,36,1
HAP1,46,0.1,10,30,65,1
HAP1,46,0.2,10,50,85,1
HAP1,47,0.05,10,38,64,1
HAP1,47,0.1,10,52,87,1
HAP1,47,0.2,10,63,106,1
HAP1,48,0.05,10,45,68,1
HAP1,48,0.1,10,57,87,1
HAP1,48,0.2,10,71,106,1
HAP1,49,0.05,10,37,20,0
HAP1,49,0.1,10,52,30,0
HAP1,49,0.2,10,77,62,0
HAP1,50,0.05,10,39,40,1
HAP1,50,0.1,10,48,58,1
HAP1,50,0.2,10,65,79,1
HAP1,51,0.05,10,43,58,1
HAP1,51,0.1,10,50,85,1
HAP1,51,0.2,10,72,116,1
HAP1,52,0.05,10,30,39,1
HAP1,52,0.1,10,41,54,1
HAP1,52,0.2,10,65,72,1
HAP1,53,0.05,10,32,34,1
HAP1,53,0.1,10,51,47,0
HAP1,53,0.2,10,69,61,0
HAP1,54,0.05,10,29,53,1
HAP1,54,0.1,10,43,71,1
HAP1,54,0.2,10,68,105,1
HAP1,55,0.05,10,35,34,0
HAP1,55,0.1,10,50,65,1
HAP1,55,0.2,10,66,103,1
HAP1,56,0.05,10,38,21,0
HAP1,56,0.1,10,49,51,1
HAP1,56,0.2,10,64,70,1
HAP1,57,0.05,10,36,32,0
HAP1,57,0.1,10,46,44,0
HAP1,57,0.2,10,63,62,0
HAP1,58,0.05,10,26,34,1
HAP1,58,0.1,10,45,48,1
HAP1,58,0.2,10,57,64,1
HAP1,59,0.05,10,32,42,1
HAP1,59,0.1,10,45,59,1
HAP1,59,0.2,10,65,81,1
HAP1,60,0.05,10,45,59,1
HAP1,60,0.1,10,62,83,1
HAP1,60,0.2,10,86,105,1
HAP1,61,0.05,10,32,44,1
HAP1,61,0.1,10,45,65,1
HAP1,61,0.2,10,59,77,1
HAP1,62,0.05,10,31,96,1
HAP1,62,0.1,10,43,109,1
HAP1,62,0.2,10,63,142,1
HAP1,63,0.05,10,33,45,1
HAP1,63,0.1,10,45,68,1
HAP1,63,0.2,10,53,85,1
HAP1,64,0.05,10,39,50,1
HAP1,64,0.1,10,52,63,1
HAP1,64,0.2,10,70,85,1
HAP1,65,0.05,10,30,73,1
HAP1,65,0.1,10,40,88,1
HAP1,65,0.2,10,55,102,1
HAP1,66,0.05,10,30,80,1
HAP1,66,0.1,10,44,98,1
HAP1,66,0.2,10,61,113,1
HAP1,67,0.05,10,42,44,1
HAP1,67,0.1,10,63,68,1
HAP1,67,0.2,10,83,96,1
HAP1,68,0.05,10,23,26,1
HAP1,68,0.1,10,34,39,1
HAP1,68,0.2,10,39,52,1
HAP1,69,0.05,10,19,54,1
HAP1,69,0.1,10,28,69,1
HAP1,69,0.2,10,42,86,1
HAP1,70,0.05,10,31,16,0
HAP1,70,0.1,10,46,31,0
HAP1,70,0.2,10,62,40,0
HAP1,71,0.05,10,35,97,1
HAP1,71,0.1,10,42,114,1
HAP1,71,0.2,10,53,127,1
HAP1,72,0.05,10,15,41,1
HAP1,72,0.1,10,28,57,1
HAP1,72,0.2,10,44,64,1
HAP1,73,0.05,10,29,32,1
HAP1,73,0.1,10,36,50,1
HAP1,73,0.2,10,54,93,1
HAP1,74,0.05,10,30,61,1
HAP1,74,0.1,10,38,80,1
HAP1,74,0.2,10,57,95,1
HAP1,75,0.05,10,39,66,1
HAP1,75,0.1,10,51,76,1
HAP1,75,0.2,10,67,105,1
HAP1,76,0.05,10,29,79,1
HAP1,76,0.1,10,48,107,1
HAP1,76,0.2,10,75,147,1
HAP1,77,0.05,10,34,49,1
HAP1,77,0.1,10,52,67,1
HAP1,77,0.2,10,69,88,1
HAP1,78,0.05,10,30,35,1
HAP1,78,0.1,10,40,48,1
HAP1,78,0.2,10,60,80,1
HAP1,79,0.05,10,28,63,1
HAP1,79,0.1,10,44,80,1
HAP1,79,0.2,10,65,94,1
HAP1,80,0.05,10,33,33,0
HAP1,80,0.1,10,43,68,1
HAP1,80,0.2,10,65,95,1
HAP1,81,0.05,10,17,48,1
HAP1,81,0.1,10,23,66,1
HAP1,81,0.2,10,32,90,1
HAP1,82,0.05,10,42,51,1
HAP1,82,0.1,10,54,80,1
HAP1,82,0.2,10,80,107,1
HAP1,83,0.05,10,38,61,1
HAP1,83,0.1,10,48,77,1
HAP1,83,0.2,10,78,109,1
HAP1,84,0.05,10,41,57,1
HAP1,84,0.1,10,56,80,1
HAP1,84,0.2,10,70,105,1
HAP1,85,0.05,10,40,45,1
HAP1,85,0.1,10,57,55,0
HAP1,85,0.2,10,82,73,0
HAP1,86,0.05,10,36,54,1
HAP1,86,0.1,10,44,75,1
HAP1,86,0.2,10,63,92,1
HAP1,87,0.05,10,31,45,1
HAP1,87,0.1,10,45,61,1
HAP1,87,0.2,10,61,88,1
HAP1,88,0.05,10,28,42,1
HAP1,88,0.1,10,46,53,1
HAP1,88,0.2,10,62,71,1
HAP1,89,0.05,10,30,34,1
HAP1,89,0.1,10,45,50,1
HAP1,89,0.2,10,61,92,1
HAP1,90,0.05,10,42,73,1
HAP1,90,0.1,10,53,103,1
HAP1,90,0.2,10,82,144,1
HAP1,91,0.05,10,24,65,1
HAP1,91,0.1,10,33,79,1
HAP1,91,0.2,10,48,86,1
HAP1,92,0.05,10,24,39,1
HAP1,92,0.1,10,32,62,1
HAP1,92,0.2,10,42,82,1
HAP1,93,0.05,10,37,51,1
HAP1,93,0.1,10,51,68,1
HAP1,93,0.2,10,69,91,1
HAP1,94,0.05,10,30,40,1
HAP1,94,0.1,10,39,52,1
HAP1,94,0.2,10,55,74,1
HAP1,95,0.05,10,33,23,0
HAP1,95,0.1,10,37,40,1
HAP1,95,0.2,10,48,61,1
HAP1,96,0.05,10,36,39,1
HAP1,96,0.1,10,50,67,1
HAP1,96,0.2,10,68,93,1
HAP1,97,0.05,10,28,27,0
HAP1,97,0.1,10,35,37,1
HAP1,97,0.2,10,50,52,1
HAP1,98,0.05,10,38,40,1
HAP1,98,0.1,10,49,48,0
HAP1,98,0.2,10,64,69,1
HAP1,99,0.05,10,37,49,1
HAP1,99,0.1,10,45,65,1
HAP1,99,0.2,10,66,86,1
