repeat,rule,label,fdp,correct,total,units,supp_units,fmax,prec,rec
0,Fmax,score>=5.12019,0.5537470000577966,5759.0,19927.0,2401,1503,0.33966228863490383,0.28169360177630676,0.42767115816467194
0,Fmax-full,score>=1,0.7857133402135746,12048.0,79889.0,2914,2125,0.06896076531725863,0.1633166169577211,0.04370835175252176
0,Top-1,top1,0.602907915993538,1048.0,2914.0,2914,1048,,,
0,Top-3,top3,0.6397415185783522,2776.0,8533.0,2914,1451,,,
1,Fmax,score>=5.12019,0.5423389565918844,5816.0,19919.0,2343,1512,0.3404702522873156,0.2828444578838917,0.427585007590409
1,Fmax-full,score>=1,0.7814733522608539,12042.0,81089.0,2901,2147,0.06894843345060404,0.1629866318366333,0.04372212960433018
1,Top-1,top1,0.5909531502423263,1072.0,2901.0,2901,1072,,,
1,Top-3,top3,0.6315562735595047,2813.0,8498.0,2901,1482,,,
2,Fmax,score>=5.12019,0.5466112287801422,5680.0,19555.0,2360,1488,0.34269502177496264,0.2830317831394669,0.43423116402256756
2,Fmax-full,score>=1,0.7847753191755868,12097.0,80222.0,2913,2158,0.06852704607214365,0.16301245273494686,0.043381960087076545
2,Top-1,top1,0.6009693053311793,1053.0,2913.0,2913,1053,,,
2,Top-3,top3,0.642541733979537,2754.0,8524.0,2913,1457,,,
3,Fmax,score>=5.21146,0.5459395603541117,5682.0,19497.0,2358,1476,0.34177086248726113,0.28494911318169214,0.4268988275776071
3,Fmax-full,score>=1,0.7857940849932206,11907.0,80640.0,2923,2150,0.06873541228170645,0.16224346758354985,0.043604321524866624
3,Top-1,top1,0.6067851373182552,1045.0,2923.0,2923,1045,,,
3,Top-3,top3,0.6427032848680668,2765.0,8565.0,2923,1457,,,
4,Fmax,score>=5.21146,0.5491293821338277,5395.0,19526.0,2346,1463,0.34444527589069424,0.28831401271671026,0.42771652867813786
4,Fmax-full,score>=1,0.7861437388598072,11692.0,80668.0,2902,2125,0.06954333680059398,0.16498778292489163,0.044056762858493616
4,Top-1,top1,0.6048465266558966,1030.0,2902.0,2902,1030,,,
4,Top-3,top3,0.6483575659666128,2655.0,8497.0,2902,1419,,,
5,Fmax,score>=5.12019,0.5393842449439581,5796.0,19871.0,2363,1533,0.3360358592048969,0.27857469904138127,0.4233620827570544
5,Fmax-full,score>=1,0.7858160739619494,12046.0,80696.0,2903,2143,0.06850112665380076,0.16471601116181941,0.04324222439638419
5,Top-1,top1,0.5912762520193862,1073.0,2903.0,2903,1073,,,
5,Top-3,top3,0.6304254173397954,2833.0,8518.0,2903,1472,,,
6,Fmax,score>=5.12019,0.5318599940273645,5617.0,19816.0,2317,1500,0.33950747888980276,0.28035908830715295,0.43028663728346317
6,Fmax-full,score>=1,0.7810478647308573,11986.0,80594.0,2897,2136,0.06880556049321553,0.16328489462184834,0.04358598843987555
6,Top-1,top1,0.5957996768982229,1053.0,2897.0,2897,1053,,,
6,Top-3,top3,0.6366182014001077,2745.0,8452.0,2897,1464,,,
7,Fmax,score>=5.12019,0.5461658794527697,5571.0,19433.0,2363,1494,0.3414954816656049,0.28239021600280095,0.4318919957869472
7,Fmax-full,score>=1,0.7851089350785766,11954.0,80203.0,2910,2131,0.0686038687645282,0.16353378624407527,0.04340667663747318
7,Top-1,top1,0.5957996768982229,1066.0,2910.0,2910,1066,,,
7,Top-3,top3,0.6359181475498116,2798.0,8516.0,2910,1475,,,
8,Fmax,score>=5.21146,0.5434789771245788,5433.0,18968.0,2337,1447,0.3446885316235515,0.28629638489619796,0.4330023930748122
8,Fmax-full,score>=1,0.7833188975532683,11825.0,80555.0,2895,2148,0.06945363117822273,0.1645623868115316,0.044015115471847215
8,Top-1,top1,0.6064620355411955,1018.0,2895.0,2895,1018,,,
8,Top-3,top3,0.6444264943457189,2667.0,8491.0,2895,1428,,,
9,Fmax,score>=5.12019,0.5395558223137596,5427.0,19232.0,2335,1468,0.3417587140356271,0.28232419088192573,0.4328901980983921
9,Fmax-full,score>=1,0.7876833489755563,11736.0,79957.0,2918,2093,0.06924309689774598,0.16372174931685576,0.04390620957982968
9,Top-1,top1,0.6045234248788368,1047.0,2918.0,2918,1047,,,
9,Top-3,top3,0.6515885837372106,2678.0,8499.0,2918,1420,,,
10,Fmax,score>=5.12019,0.5559211983659876,5504.0,19511.0,2380,1489,0.3435503197132658,0.2856712783128764,0.43084198270984225
10,Fmax-full,score>=1,0.7922947391720114,11721.0,80013.0,2925,2147,0.06928517374202484,0.16496302105133606,0.043851494381672323
10,Top-1,top1,0.6067851373182552,1047.0,2925.0,2925,1047,,,
10,Top-3,top3,0.6470651588583738,2735.0,8545.0,2925,1464,,,
11,Fmax,score>=5.21146,0.5521068766779927,5496.0,19200.0,2366,1458,0.34563766954652303,0.28739556942764044,0.4334856249595922
11,Fmax-full,score>=1,0.7935069032356212,11944.0,81392.0,2926,2144,0.06933894173467058,0.16539313619628873,0.043864226898665676
11,Top-1,top1,0.610016155088853,1038.0,2926.0,2926,1038,,,
11,Top-3,top3,0.651534733441034,2704.0,8579.0,2926,1434,,,
12,Fmax,score>=5.03886,0.5506646926471773,5789.0,20164.0,2381,1517,0.33897974899245364,0.27924267125061136,0.4312309727302371
12,Fmax-full,score>=1,0.7837168428534937,11813.0,79880.0,2913,2166,0.06870099020371713,0.16253026489024863,0.0435559767132765
12,Top-1,top1,0.5983844911147012,1061.0,2913.0,2913,1061,,,
12,Top-3,top3,0.6372644049542273,2796.0,8534.0,2913,1457,,,
13,Fmax,score>=5.12019,0.5513532969852731,5630.0,19914.0,2356,1482,0.3439999339123046,0.28621707252986667,0.43101536122933615
13,Fmax-full,score>=1,0.7843166977543311,11841.0,81214.0,2903,2171,0.06882124633973359,0.16403397568818923,0.04354548169600468
13,Top-1,top1,0.5967689822294022,1056.0,2903.0,2903,1056,,,
13,Top-3,top3,0.639203015616586,2737.0,8526.0,2903,1445,,,
14,Fmax,score>=5.12019,0.5450571115292134,5732.0,20001.0,2362,1521,0.3399194938744595,0.28189693593384196,0.4280180011948154
14,Fmax-full,score>=1,0.7823564327155504,11890.0,80026.0,2902,2147,0.06902528977710465,0.16326526822739362,0.04376389450440373
14,Top-1,top1,0.5880452342487884,1082.0,2902.0,2902,1082,,,
14,Top-3,top3,0.6346795907377492,2771.0,8493.0,2902,1477,,,
15,Fmax,score>=5.12019,0.5454590021756557,5517.0,19410.0,2336,1477,0.3439506552142656,0.2854994198731434,0.43249723723208766
15,Fmax-full,score>=1,0.7905200077726539,11844.0,80070.0,2913,2103,0.0696386770466469,0.16562943996013374,0.04408763142949062
15,Top-1,top1,0.6022617124394184,1049.0,2913.0,2913,1049,,,
15,Top-3,top3,0.6483575659666128,2687.0,8518.0,2913,1413,,,
16,Fmax,score>=5.12019,0.5461280338310162,5517.0,19430.0,2368,1498,0.3397825825871123,0.28171605641049535,0.4280009401464628
16,Fmax-full,score>=1,0.7908702002390492,11546.0,79224.0,2929,2161,0.06945306549583868,0.16381974930254423,0.04406809312481206
16,Top-1,top1,0.6019386106623587,1066.0,2929.0,2929,1066,,,
16,Top-3,top3,0.6440495422724825,2774.0,8575.0,2929,1467,,,
17,Fmax,score>=5.21146,0.5435668991809385,5654.0,19445.0,2350,1485,0.34079746108559994,0.2846529490874542,0.4245313808768414
17,Fmax-full,score>=1,0.7893033397653627,11917.0,80409.0,2929,2146,0.06902657541910573,0.16310428262121296,0.043776510451866084
17,Top-1,top1,0.607108239095315,1050.0,2929.0,2929,1050,,,
17,Top-3,top3,0.6426494345718902,2787.0,8544.0,2929,1474,,,
18,Fmax,score>=5.12019,0.5507160653915233,5649.0,19585.0,2390,1518,0.33995418560384233,0.28142334740808345,0.429225034148129
18,Fmax-full,score>=1,0.7875239267825539,11958.0,81032.0,2918,2167,0.06884504366371122,0.16364907120706917,0.04359176774141054
18,Top-1,top1,0.5919224555735056,1086.0,2918.0,2918,1086,,,
18,Top-3,top3,0.6380721593968767,2805.0,8577.0,2918,1493,,,
19,Fmax,score>=5.12019,0.5440138567282538,5864.0,20206.0,2358,1513,0.3390091609371292,0.2818321954048367,0.4252903266194533
19,Fmax-full,score>=1,0.7873927142959736,12090.0,80866.0,2916,2140,0.06830057087673214,0.1638355826503936,0.04314314754836412
19,Top-1,top1,0.5935379644588046,1079.0,2916.0,2916,1079,,,
19,Top-3,top3,0.6367797522886376,2810.0,8517.0,2916,1469,,,
20,Fmax,score>=5.12019,0.5575416673729313,5475.0,19559.0,2393,1505,0.3421500603724483,0.2848906309348025,0.42821610540550203
20,Fmax-full,score>=1,0.78302857668223,11645.0,79808.0,2898,2147,0.06937108542239982,0.1640623345372721,0.04398463612810767
20,Top-1,top1,0.5906300484652666,1070.0,2898.0,2898,1070,,,
20,Top-3,top3,0.6395261173936457,2719.0,8482.0,2898,1450,,,
21,Fmax,score>=5.20283,0.5447537765625947,5479.0,19424.0,2354,1489,0.34220722485442584,0.2845100201221427,0.4292587447579832
21,Fmax-full,score>=1,0.7852919801727359,11886.0,82090.0,2905,2155,0.06924352244021491,0.1642319420269633,0.04387000346867263
21,Top-1,top1,0.5877221324717286,1086.0,2905.0,2905,1086,,,
21,Top-3,top3,0.639041464728056,2749.0,8517.0,2905,1470,,,
22,Fmax,score>=5.20283,0.5532962567914798,5492.0,19479.0,2367,1478,0.3440987632364562,0.2876453305081627,0.42812228036141364
22,Fmax-full,score>=1,0.791206755676307,11963.0,81603.0,2923,2155,0.06960269193208744,0.16471283901104916,0.04412410604415854
22,Top-1,top1,0.6006462035541196,1064.0,2923.0,2923,1064,,,
22,Top-3,top3,0.6468497576736673,2727.0,8555.0,2923,1462,,,
23,Fmax,score>=5.12019,0.5584778662232107,5581.0,19860.0,2392,1498,0.3435878267235408,0.2855508364923104,0.4312343751460974
23,Fmax-full,score>=1,0.7863349797161207,11907.0,81103.0,2902,2137,0.06913041246731523,0.1650747616832001,0.04371973501785226
23,Top-1,top1,0.6035541195476575,1034.0,2902.0,2902,1034,,,
23,Top-3,top3,0.6396338179859989,2746.0,8525.0,2902,1467,,,
24,Fmax,score>=5.12019,0.5535651491463399,5594.0,19853.0,2384,1494,0.34320309884041256,0.28381921860091386,0.43401202344275897
24,Fmax-full,score>=1,0.785642628164937,12000.0,80778.0,2918,2164,0.06898218823532667,0.16279141629153998,0.04376336680783849
24,Top-1,top1,0.6012924071082391,1057.0,2918.0,2918,1057,,,
24,Top-3,top3,0.6451265481960152,2728.0,8557.0,2918,1456,,,
25,Fmax,score>=5.12019,0.5438717188948619,5698.0,19543.0,2367,1518,0.33872285961003784,0.28057634187823927,0.4272701344103527
25,Fmax-full,score>=1,0.7874736689921771,11896.0,79531.0,2920,2139,0.06898306142854475,0.16337969597223742,0.04372174738026744
25,Top-1,top1,0.6032310177705977,1053.0,2920.0,2920,1053,,,
25,Top-3,top3,0.6414108777598277,2775.0,8539.0,2920,1478,,,
26,Fmax,score>=5.12019,0.5513103085753144,5604.0,19303.0,2389,1497,0.34014141694353733,0.28189051805765836,0.42873727200112743
26,Fmax-full,score>=1,0.7940337870517725,11648.0,79615.0,2928,2125,0.06913226011322607,0.16538745566573576,0.0436993301792035
26,Top-1,top1,0.6090468497576736,1043.0,2928.0,2928,1043,,,
26,Top-3,top3,0.6502423263327949,2718.0,8569.0,2928,1464,,,
27,Fmax,score>=5.12019,0.5470337977800003,5543.0,19556.0,2353,1478,0.34150879687747976,0.28417978324336507,0.4278138268585672
27,Fmax-full,score>=1,0.787771079206066,11568.0,79950.0,2905,2115,0.06933167023257619,0.16535996488908525,0.04386074024629495
27,Top-1,top1,0.6084006462035542,1022.0,2905.0,2905,1022,,,
27,Top-3,top3,0.645288099084545,2693.0,8506.0,2905,1433,,,
28,Fmax,score>=5.21146,0.540443252639091,5622.0,19248.0,2339,1501,0.34031566540721964,0.28432534601206144,0.4237648982456626
28,Fmax-full,score>=1,0.7858851183201367,11880.0,79338.0,2914,2141,0.06940328220809182,0.16339488182446765,0.044058806162388546
28,Top-1,top1,0.5961227786752827,1069.0,2914.0,2914,1069,,,
28,Top-3,top3,0.644857296715132,2721.0,8513.0,2914,1442,,,
29,Fmax,score>=5.12019,0.5594898517560074,5605.0,20101.0,2378,1471,0.34439267357103714,0.287945000457515,0.42836843814452097
29,Fmax-full,score>=1,0.7949991389513809,11662.0,80195.0,2930,2117,0.06906814876099962,0.16558201653936996,0.04363457816309332
29,Top-1,top1,0.6122778675282714,1035.0,2930.0,2930,1035,,,
29,Top-3,top3,0.6537964458804524,2684.0,8571.0,2930,1437,,,
30,Fmax,score>=5.12019,0.534738735365856,5584.0,18922.0,2338,1475,0.3386590521119817,0.2792366209342032,0.4302088480517034
30,Fmax-full,score>=1,0.7815269224279031,11773.0,78366.0,2901,2126,0.06921327961390529,0.16301099264577532,0.04393357843676257
30,Top-1,top1,0.5877221324717286,1082.0,2901.0,2901,1082,,,
30,Top-3,top3,0.6358104469574584,2766.0,8469.0,2901,1452,,,
31,Fmax,score>=5.21146,0.5374941610234675,5541.0,19494.0,2313,1469,0.34335602203662474,0.28604368975926625,0.42938941352712734
31,Fmax-full,score>=1,0.7902697638169258,11943.0,80559.0,2912,2149,0.06910515114452963,0.16563825019075312,0.04366021057625545
31,Top-1,top1,0.6113085621970921,1020.0,2912.0,2912,1020,,,
31,Top-3,top3,0.648626817447496,2687.0,8519.0,2912,1441,,,
32,Fmax,score>=5.21146,0.5575060724774983,5559.0,19734.0,2390,1503,0.3431843785693139,0.2873235114617827,0.42600801094474244
32,Fmax-full,score>=1,0.78285372884321,12002.0,80671.0,2899,2155,0.06905779521192514,0.1638600590191714,0.04374743981075932
32,Top-1,top1,0.5980613893376413,1048.0,2899.0,2899,1048,,,
32,Top-3,top3,0.639041464728056,2736.0,8506.0,2899,1467,,,
33,Fmax,score>=5.12019,0.5391583384773383,5290.0,19091.0,2315,1453,0.34359865042537185,0.284689176232194,0.4332489407182805
33,Fmax-full,score>=1,0.7858615788605232,11491.0,80165.0,2902,2114,0.06959891915021649,0.16485945299134497,0.04411056558788473
33,Top-1,top1,0.6074313408723748,1022.0,2902.0,2902,1022,,,
33,Top-3,top3,0.647172859450727,2664.0,8482.0,2902,1409,,,
34,Fmax,score>=5.12019,0.5402224640439612,5566.0,19486.0,2328,1456,0.3421959857054394,0.2836043546859002,0.43130126208327485
34,Fmax-full,score>=1,0.7815069688882562,11670.0,79467.0,2901,2120,0.06930166854045931,0.16300191885717596,0.04400549083185434
34,Top-1,top1,0.5896607431340872,1076.0,2901.0,2901,1076,,,
34,Top-3,top3,0.6380721593968768,2737.0,8467.0,2901,1452,,,
35,Fmax,score>=5.03886,0.5583472466592979,5409.0,20022.0,2373,1513,0.345127091323699,0.28458702061702057,0.43838441314793386
35,Fmax-full,score>=1,0.7902715199628534,11779.0,81053.0,2918,2179,0.06922798812791851,0.16490165640268334,0.0438100189488397
35,Top-1,top1,0.6009693053311793,1058.0,2918.0,2918,1058,,,
35,Top-3,top3,0.6439956919763059,2751.0,8532.0,2918,1471,,,
36,Fmax,score>=5.21146,0.544840832522321,5549.0,19247.0,2342,1462,0.3420565022050897,0.28641417359526683,0.4245311225385307
36,Fmax-full,score>=1,0.7876153960403919,11626.0,78323.0,2914,2103,0.06960782831134542,0.16418322416867331,0.04416640372555615
36,Top-1,top1,0.6003231017770597,1056.0,2914.0,2914,1056,,,
36,Top-3,top3,0.6462035541195477,2711.0,8524.0,2914,1443,,,
37,Fmax,score>=5.12019,0.548703766297292,5598.0,19652.0,2360,1477,0.3429311576372085,0.2842084553079942,0.4322398790234231
37,Fmax-full,score>=1,0.7908668524109127,11852.0,81794.0,2926,2162,0.06875548264896962,0.16418815797737182,0.043482011452000084
37,Top-1,top1,0.6116316639741518,1033.0,2926.0,2926,1033,,,
37,Top-3,top3,0.6493268712977922,2717.0,8559.0,2926,1433,,,
38,Fmax,score>=5.12019,0.5396027383597505,5677.0,19682.0,2337,1483,0.34010871261973297,0.2820907647093383,0.42817119987069024
38,Fmax-full,score>=1,0.7780124095049235,11652.0,78589.0,2891,2120,0.0687194496410677,0.16264310423276412,0.043562715068779956
38,Top-1,top1,0.5886914378029079,1069.0,2891.0,2891,1069,,,
38,Top-3,top3,0.634410339256866,2746.0,8470.0,2891,1461,,,
39,Fmax,score>=5.21146,0.5350001388505108,5455.0,19191.0,2302,1454,0.34390100255022416,0.2860680241998145,0.43104283110312075
39,Fmax-full,score>=1,0.7839174456460638,11811.0,81259.0,2899,2125,0.06883906512781757,0.16434363767734372,0.043537965366533274
39,Top-1,top1,0.6061389337641357,1023.0,2899.0,2899,1023,,,
39,Top-3,top3,0.6455573505654281,2674.0,8499.0,2899,1413,,,
40,Fmax,score>=5.12019,0.5455238175291084,5610.0,19793.0,2335,1456,0.3432550030055947,0.2856649297481772,0.4299286551267709
40,Fmax-full,score>=1,0.7835722057510726,11740.0,78364.0,2901,2092,0.06937200177585505,0.1639410766723999,0.043994096916616265
40,Top-1,top1,0.6025848142164781,1036.0,2901.0,2901,1036,,,
40,Top-3,top3,0.6414647280560044,2713.0,8498.0,2901,1432,,,
41,Fmax,score>=5.21146,0.5420671476907876,5489.0,19284.0,2341,1485,0.34223591029889205,0.28498022046588306,0.42828264876546895
41,Fmax-full,score>=1,0.7903396533602348,11679.0,80220.0,2913,2141,0.06962862947057824,0.16554727968541552,0.04408540034824184
41,Top-1,top1,0.6022617124394184,1049.0,2913.0,2913,1049,,,
41,Top-3,top3,0.6464728056004309,2704.0,8530.0,2913,1466,,,
42,Fmax,score>=5.21146,0.5442071521487847,5646.0,19522.0,2352,1482,0.3417693893685165,0.2847535129490202,0.4273339959269755
42,Fmax-full,score>=1,0.7840153787696681,11925.0,80624.0,2909,2154,0.06911204786565811,0.16315895679978037,0.04384133930959152
42,Top-1,top1,0.6019386106623587,1046.0,2909.0,2909,1046,,,
42,Top-3,top3,0.6401723209477652,2753.0,8529.0,2909,1465,,,
43,Fmax,score>=5.12019,0.5547257481642854,5519.0,19564.0,2361,1466,0.34404886335220014,0.2874652683797109,0.42836703918389557
43,Fmax-full,score>=1,0.7951607620471568,11579.0,79871.0,2924,2124,0.06968926368564296,0.16639385958554262,0.044074244126341325
43,Top-1,top1,0.6093699515347334,1038.0,2924.0,2924,1038,,,
43,Top-3,top3,0.6513193322563274,2708.0,8577.0,2924,1445,,,
44,Fmax,score>=5.12019,0.5383904010151359,5852.0,20036.0,2360,1534,0.3362325070353294,0.2784090611313461,0.42437117447145656
44,Fmax-full,score>=1,0.783147033515006,12056.0,80832.0,2913,2158,0.06870315370828568,0.1622706888080262,0.04357639724526235
44,Top-1,top1,0.5844911147011309,1104.0,2913.0,2913,1104,,,
44,Top-3,top3,0.631071620893915,2850.0,8537.0,2913,1506,,,
45,Fmax,score>=5.21146,0.536628075472868,5429.0,18851.0,2327,1469,0.3412837593388686,0.28374023289528777,0.4281049661475263
45,Fmax-full,score>=1,0.7833494767069415,11668.0,79122.0,2908,2126,0.06912919205027705,0.16297891181655652,0.04386816386349059
45,Top-1,top1,0.5967689822294022,1061.0,2908.0,2908,1061,,,
45,Top-3,top3,0.6387722132471729,2756.0,8514.0,2908,1459,,,
46,Fmax,score>=5.12019,0.5466008760595245,5632.0,19490.0,2368,1490,0.34119585032861927,0.28198233128262534,0.4318881100709171
46,Fmax-full,score>=1,0.7813346200447502,11916.0,78520.0,2911,2157,0.06887856450629334,0.16169182461319745,0.043759836012740964
46,Top-1,top1,0.5993537964458805,1056.0,2911.0,2911,1056,,,
46,Top-3,top3,0.6375875067312871,2787.0,8553.0,2911,1475,,,
47,Fmax,score>=5.21146,0.5454444580932314,5486.0,19528.0,2353,1488,0.3412833434847432,0.2853221117094746,0.4245522788466363
47,Fmax-full,score>=1,0.7827236613813926,11506.0,79781.0,2901,2158,0.06885124905366784,0.16355520467355164,0.043603410303849566
47,Top-1,top1,0.5967689822294022,1054.0,2901.0,2901,1054,,,
47,Top-3,top3,0.6434571890145396,2701.0,8511.0,2901,1433,,,
48,Fmax,score>=5.12019,0.5540773468585768,5714.0,20077.0,2383,1490,0.34217848989655936,0.2842391114490752,0.4297862336607378
48,Fmax-full,score>=1,0.7862145015785874,11895.0,80601.0,2919,2148,0.06880745196522535,0.16292882637279235,0.04361294937861429
48,Top-1,top1,0.6009693053311793,1059.0,2919.0,2919,1059,,,
48,Top-3,top3,0.6421109316101239,2766.0,8566.0,2919,1446,,,
49,Fmax,score>=5.03886,0.556718419675463,5628.0,20093.0,2396,1530,0.34111857103767407,0.28068225803013996,0.4347227857704341
49,Fmax-full,score>=1,0.7878032977065834,12077.0,82042.0,2914,2163,0.06873589340490571,0.16426883518837898,0.04346069252051253
49,Top-1,top1,0.5970920840064621,1066.0,2914.0,2914,1066,,,
49,Top-3,top3,0.6402261712439419,2765.0,8535.0,2914,1477,,,
50,Fmax,score>=5.12019,0.5431606199370405,5686.0,19871.0,2358,1516,0.3377900569337707,0.28135257901021166,0.4225510124627312
50,Fmax-full,score>=1,0.791606581331166,11756.0,80375.0,2918,2137,0.06911087376602106,0.16551029021251198,0.04367368021509421
50,Top-1,top1,0.5957996768982229,1074.0,2918.0,2918,1074,,,
50,Top-3,top3,0.6413031771674744,2770.0,8536.0,2918,1455,,,
51,Fmax,score>=5.12019,0.5519749972657725,5785.0,19921.0,2389,1494,0.34147514250806144,0.282266264449799,0.4321171086844155
51,Fmax-full,score>=1,0.7857883992438217,12241.0,81358.0,2915,2158,0.06913548424045059,0.16322763349417155,0.04385524254114024
51,Top-1,top1,0.6012924071082391,1054.0,2915.0,2915,1054,,,
51,Top-3,top3,0.639203015616586,2778.0,8544.0,2915,1448,,,
52,Fmax,score>=5.21146,0.5379461712786046,5542.0,19215.0,2339,1497,0.33997640705204235,0.28291786708095495,0.42586419242372797
52,Fmax-full,score>=1,0.779889409854325,11743.0,78678.0,2884,2146,0.06921986874379252,0.16435361491014513,0.043842349794810345
52,Top-1,top1,0.5886914378029079,1062.0,2884.0,2884,1062,,,
52,Top-3,top3,0.630910070005385,2771.0,8459.0,2884,1470,,,
53,Fmax,score>=5.12019,0.5487570347206807,5397.0,19545.0,2345,1473,0.34410702026127965,0.286183765860771,0.4314274172413985
53,Fmax-full,score>=1,0.7929214473301881,11498.0,79648.0,2918,2115,0.06971828962611867,0.16610971726612472,0.04411746616272337
53,Top-1,top1,0.6113085621970921,1026.0,2918.0,2918,1026,,,
53,Top-3,top3,0.6500807754442649,2690.0,8534.0,2918,1438,,,
54,Fmax,score>=5.12019,0.5385954784823264,5596.0,19386.0,2342,1499,0.3390721488773069,0.2808761657421018,0.42768639746769926
54,Fmax-full,score>=1,0.7882701728868742,11723.0,80286.0,2909,2121,0.06920522444419322,0.16509608357129474,0.043778096330330106
54,Top-1,top1,0.5893376413570275,1085.0,2909.0,2909,1085,,,
54,Top-3,top3,0.63817985998923,2768.0,8511.0,2909,1469,,,
55,Fmax,score>=5.12019,0.547694816755348,5681.0,19894.0,2359,1508,0.3414669500302903,0.28377123327572906,0.42861119604662934
55,Fmax-full,score>=1,0.7815064749919264,11869.0,80223.0,2898,2153,0.06849199057595719,0.16337047013258887,0.04332861262040606
55,Top-1,top1,0.592891760904685,1063.0,2898.0,2898,1063,,,
55,Top-3,top3,0.6355950457727518,2759.0,8501.0,2898,1474,,,
56,Fmax,score>=5.12019,0.5447144340342832,5526.0,19689.0,2361,1507,0.33982074327239375,0.28183470010197814,0.4278483444190924
56,Fmax-full,score>=1,0.7904247128900883,11666.0,80222.0,2919,2128,0.06959558488690169,0.16484847929104393,0.044108672595560526
56,Top-1,top1,0.5896607431340872,1094.0,2919.0,2919,1094,,,
56,Top-3,top3,0.6404954227248251,2781.0,8568.0,2919,1496,,,
57,Fmax,score>=5.12019,0.5526677672692238,5516.0,19810.0,2371,1486,0.3438934531918473,0.28500854196674485,0.43344683333031064
57,Fmax-full,score>=1,0.7866771704165201,11776.0,80656.0,2920,2153,0.06927911468736009,0.16301647760010546,0.04398624466543048
57,Top-1,top1,0.5915993537964459,1089.0,2920.0,2920,1089,,,
57,Top-3,top3,0.6393645665051159,2794.0,8572.0,2920,1480,,,
58,Fmax,score>=5.12019,0.5415660279501634,5504.0,19272.0,2331,1453,0.3415032781384711,0.28396747475706485,0.42827853067142124
58,Fmax-full,score>=1,0.7903434981662062,11370.0,78352.0,2913,2101,0.0701331896233848,0.1655490311829842,0.04449059167965675
58,Top-1,top1,0.5983844911147012,1061.0,2913.0,2913,1061,,,
58,Top-3,top3,0.6482498653742597,2692.0,8527.0,2913,1436,,,
59,Fmax,score>=5.12019,0.5337802284303801,5828.0,19598.0,2331,1501,0.33916541970458286,0.2796123239322448,0.4309513942861854
59,Fmax-full,score>=1,0.7821448582383614,12205.0,80736.0,2918,2174,0.06844425310876262,0.16119683713072813,0.04344564784132217
59,Top-1,top1,0.5919224555735056,1086.0,2918.0,2918,1086,,,
59,Top-3,top3,0.6298869143780291,2866.0,8531.0,2918,1501,,,
60,Fmax,score>=5.12019,0.5478381744374701,5784.0,20008.0,2371,1506,0.34073669700117504,0.2822873350098406,0.4297110666230209
60,Fmax-full,score>=1,0.7817768257664707,12240.0,79543.0,2900,2147,0.06865097794878211,0.1632475784897919,0.04346464579196878
60,Top-1,top1,0.5990306946688206,1046.0,2900.0,2900,1046,,,
60,Top-3,top3,0.6368336025848143,2762.0,8503.0,2900,1466,,,
61,Fmax,score>=5.12019,0.5505953724393778,5569.0,19973.0,2367,1506,0.343079793322801,0.2843619899990828,0.4323570405033484
61,Fmax-full,score>=1,0.7818275480659713,11887.0,80671.0,2899,2162,0.0689237142353814,0.16339354469696893,0.043673088416202016
61,Top-1,top1,0.5996768982229402,1043.0,2899.0,2899,1043,,,
61,Top-3,top3,0.6373182552504039,2753.0,8505.0,2899,1466,,,
62,Fmax,score>=5.12019,0.5431258992088652,5514.0,19697.0,2343,1490,0.34054807564919803,0.28328560756683935,0.42682518584618223
62,Fmax-full,score>=1,0.7882873967561245,11710.0,79782.0,2911,2118,0.06963914234810163,0.16485822307136397,0.044142972478627404
62,Top-1,top1,0.592891760904685,1076.0,2911.0,2911,1076,,,
62,Top-3,top3,0.6395261173936457,2767.0,8517.0,2911,1459,,,
63,Fmax,score>=5.12019,0.5485987433597771,5467.0,19496.0,2346,1478,0.3434071059806409,0.28596562015650473,0.42972540434209594
63,Fmax-full,score>=1,0.7884120640520149,11585.0,80038.0,2905,2113,0.06966613447501714,0.16565162147512064,0.04410807092673251
63,Top-1,top1,0.6058158319870759,1030.0,2905.0,2905,1030,,,
63,Top-3,top3,0.6467959073774906,2677.0,8510.0,2905,1458,,,
64,Fmax,score>=5.12019,0.543907800255567,5648.0,19868.0,2345,1505,0.3415497016459126,0.28346436367386557,0.4295748840805999
64,Fmax-full,score>=1,0.7847217539150927,11901.0,81021.0,2899,2137,0.06914077497534331,0.1647092860458283,0.04375374238223988
64,Top-1,top1,0.6012924071082391,1038.0,2899.0,2899,1038,,,
64,Top-3,top3,0.6351103931071622,2764.0,8472.0,2899,1464,,,
65,Fmax,score>=5.12019,0.5574775793763737,5652.0,20045.0,2397,1507,0.3420137323688198,0.2843311303264972,0.42905705961471563
65,Fmax-full,score>=1,0.7925087368058598,12124.0,82970.0,2921,2130,0.0689741443534595,0.16555283398864248,0.043561586610405933
65,Top-1,top1,0.6054927302100162,1047.0,2921.0,2921,1047,,,
65,Top-3,top3,0.6474959612277867,2735.0,8594.0,2921,1446,,,
66,Fmax,score>=5.21146,0.542433410545337,5449.0,19295.0,2350,1491,0.34176932723170433,0.2840127762175293,0.42901297131529514
66,Fmax-full,score>=1,0.7877821608921568,11708.0,80248.0,2919,2198,0.06896274034513002,0.16364360326959504,0.0436865755988623
66,Top-1,top1,0.6016155088852989,1057.0,2919.0,2919,1057,,,
66,Top-3,top3,0.6407646742057082,2777.0,8542.0,2919,1482,,,
67,Fmax,score>=5.21146,0.5447036261271373,5579.0,19396.0,2372,1517,0.3406796136930377,0.2824141317144989,0.4292363010318627
67,Fmax-full,score>=1,0.7857763805741611,12121.0,80215.0,2925,2198,0.06895148050063676,0.16198833513857527,0.043796989393189385
67,Top-1,top1,0.6022617124394184,1061.0,2925.0,2925,1061,,,
67,Top-3,top3,0.6359719978459882,2839.0,8578.0,2925,1500,,,
68,Fmax,score>=5.21146,0.5430506762302604,5600.0,19049.0,2344,1454,0.34198454193416716,0.28514408511974115,0.42712798766607085
68,Fmax-full,score>=1,0.7870781032004707,11901.0,79929.0,2908,2112,0.06892045519185147,0.16467623480485982,0.04357974608997404
68,Top-1,top1,0.6006462035541196,1049.0,2908.0,2908,1049,,,
68,Top-3,top3,0.6441033925686591,2723.0,8517.0,2908,1435,,,
69,Fmax,score>=5.21146,0.5461834197555184,5338.0,19016.0,2352,1481,0.34260949182816813,0.28587007889331356,0.42744956048909316
69,Fmax-full,score>=1,0.7875624165037622,11543.0,80064.0,2903,2131,0.06961591002285836,0.16551038655378095,0.044077818760559835
69,Top-1,top1,0.6025848142164781,1038.0,2903.0,2903,1038,,,
69,Top-3,top3,0.648626817447496,2656.0,8497.0,2903,1430,,,
70,Fmax,score>=5.12019,0.5505988115933445,5624.0,19533.0,2378,1516,0.3407545933726744,0.2829290016781785,0.42828918907613617
70,Fmax-full,score>=1,0.790254304513841,11930.0,80657.0,2924,2159,0.0687450890490016,0.16415510297849345,0.04347601598601939
70,Top-1,top1,0.5993537964458805,1069.0,2924.0,2924,1069,,,
70,Top-3,top3,0.6418416801292407,2792.0,8581.0,2924,1479,,,
71,Fmax,score>=5.20283,0.5452851875460178,5237.0,18968.0,2332,1449,0.3443158213934948,0.2876704448723712,0.42873912438917217
71,Fmax-full,score>=1,0.792248916242711,11308.0,80146.0,2911,2104,0.07029473698836232,0.16666235827015494,0.04454049937736083
71,Top-1,top1,0.6096930533117932,1024.0,2911.0,2911,1024,,,
71,Top-3,top3,0.6516962843295638,2649.0,8528.0,2911,1410,,,
72,Fmax,score>=5.12019,0.5400318511628108,5594.0,19652.0,2342,1475,0.33996678242651085,0.2816812315599389,0.4286665779129934
72,Fmax-full,score>=1,0.7903019435783676,11644.0,80120.0,2922,2112,0.06898960746760889,0.16442321391419784,0.04365285841162
72,Top-1,top1,0.6019386106623587,1059.0,2922.0,2922,1059,,,
72,Top-3,top3,0.6466882067851373,2733.0,8528.0,2922,1442,,,
73,Fmax,score>=5.21146,0.5394357861875466,5567.0,19273.0,2328,1455,0.3424297392954308,0.28518945225094444,0.4284172293223684
73,Fmax-full,score>=1,0.7867247240084674,11839.0,79500.0,2908,2130,0.06920073319670923,0.1645153716486242,0.043815509747348776
73,Top-1,top1,0.6061389337641357,1032.0,2908.0,2908,1032,,,
73,Top-3,top3,0.6443187937533656,2712.0,8507.0,2908,1435,,,
74,Fmax,score>=5.12019,0.5484070589848077,5473.0,19788.0,2350,1492,0.3448385290379099,0.2853400487637039,0.43568703206140175
74,Fmax-full,score>=1,0.7908807261009244,11785.0,81129.0,2931,2174,0.06936146844354063,0.16357775063682814,0.04401185265734462
74,Top-1,top1,0.6074313408723748,1051.0,2931.0,2931,1051,,,
74,Top-3,top3,0.646311254711901,2746.0,8571.0,2931,1473,,,
75,Fmax,score>=5.12019,0.5453919845357147,5698.0,19648.0,2361,1518,0.3400443797458288,0.2822157683923532,0.4276799402598743
75,Fmax-full,score>=1,0.7897399850545304,11974.0,80639.0,2914,2157,0.06925983536733062,0.16515122107707322,0.04381792889408663
75,Top-1,top1,0.5886914378029079,1092.0,2914.0,2914,1092,,,
75,Top-3,top3,0.6389876144318793,2782.0,8538.0,2914,1467,,,
76,Fmax,score>=5.21146,0.5444832625600342,5466.0,19257.0,2346,1457,0.343298852976908,0.2856918865166935,0.4300051793064774
76,Fmax-full,score>=1,0.7873223873223297,11684.0,80138.0,2907,2136,0.06934480067349348,0.164910261734617,0.043903013709912085
76,Top-1,top1,0.602907915993538,1041.0,2907.0,2907,1041,,,
76,Top-3,top3,0.6470651588583738,2690.0,8542.0,2907,1438,,,
77,Fmax,score>=5.12019,0.5427608709698706,5625.0,19651.0,2343,1478,0.3425940882602433,0.28308097753610484,0.43379163019150535
77,Fmax-full,score>=1,0.7882391982428704,11954.0,80512.0,2908,2133,0.06950666896829091,0.16520478152588164,0.04401190757901098
77,Top-1,top1,0.6006462035541196,1049.0,2908.0,2908,1049,,,
77,Top-3,top3,0.6478190630048465,2684.0,8534.0,2908,1425,,,
78,Fmax,score>=5.12019,0.5599928002560904,5593.0,19708.0,2412,1504,0.3420490065046438,0.2837899666393405,0.4304069403405077
78,Fmax-full,score>=1,0.7857598695186437,11944.0,80010.0,2921,2153,0.06900041731035203,0.16247476970129535,0.04380099771450896
78,Top-1,top1,0.5996768982229402,1065.0,2921.0,2921,1065,,,
78,Top-3,top3,0.6424878836833603,2768.0,8553.0,2921,1469,,,
79,Fmax,score>=5.12019,0.5377496271569406,5545.0,19131.0,2335,1473,0.3404688493252703,0.2813131266731444,0.4311283567638275
79,Fmax-full,score>=1,0.7837723397429334,11664.0,78762.0,2901,2137,0.06916315694941727,0.16403208676714157,0.04381974667950925
79,Top-1,top1,0.5967689822294022,1054.0,2901.0,2901,1054,,,
79,Top-3,top3,0.6360796984383414,2765.0,8492.0,2901,1476,,,
80,Fmax,score>=5.12019,0.5409567302101093,5915.0,19622.0,2387,1530,0.3352350179835524,0.2763020378538201,0.42612375284061926
80,Fmax-full,score>=1,0.7850483393232259,12133.0,80179.0,2923,2152,0.06873474221805162,0.16190324310704177,0.04362842196822154
80,Top-1,top1,0.5848142164781907,1113.0,2923.0,2923,1113,,,
80,Top-3,top3,0.6294022617124394,2895.0,8564.0,2923,1517,,,
81,Fmax,score>=5.12019,0.5444968075798079,5539.0,19670.0,2346,1490,0.3410473486529777,0.28366487872138235,0.42753281313957064
81,Fmax-full,score>=1,0.7849056836356146,11641.0,79397.0,2898,2114,0.06956600304468434,0.16491556497062898,0.04408011488769935
81,Top-1,top1,0.6025848142164781,1033.0,2898.0,2898,1033,,,
81,Top-3,top3,0.6399569197630587,2724.0,8455.0,2898,1443,,,
82,Fmax,score>=5.12019,0.5558841785374339,5693.0,20133.0,2378,1510,0.3430823336680936,0.28591081186628586,0.4288329675604671
82,Fmax-full,score>=1,0.7884255512878543,12046.0,80824.0,2915,2151,0.06861457414434984,0.16442933926217543,0.043352563614032814
82,Top-1,top1,0.5935379644588046,1078.0,2915.0,2915,1078,,,
82,Top-3,top3,0.6412493268712978,2757.0,8551.0,2915,1461,,,
83,Fmax,score>=5.03886,0.557127384719491,5725.0,20207.0,2391,1491,0.34227731442621206,0.2815647145675475,0.4363698960564532
83,Fmax-full,score>=1,0.7851409677934589,12033.0,81668.0,2912,2160,0.06889322092044216,0.1633021760638024,0.043655129833366675
83,Top-1,top1,0.602907915993538,1046.0,2912.0,2912,1046,,,
83,Top-3,top3,0.6417339795368875,2749.0,8536.0,2912,1450,,,
84,Fmax,score>=5.12019,0.5518213733587105,6050.0,20460.0,2401,1541,0.337874568523883,0.28060266005313755,0.4245205911875083
84,Fmax-full,score>=1,0.786985947523638,12307.0,81600.0,2934,2177,0.06747464775542497,0.16142750607093517,0.042651141705204634
84,Top-1,top1,0.5909531502423263,1105.0,2934.0,2934,1105,,,
84,Top-3,top3,0.6347872913301024,2874.0,8595.0,2934,1494,,,
85,Fmax,score>=5.12019,0.5517250589856002,5540.0,19751.0,2373,1477,0.3428660722048413,0.28421676177117416,0.43201394609656607
85,Fmax-full,score>=1,0.7871155720975221,11826.0,80560.0,2908,2124,0.06890008976818361,0.16469329117143916,0.04356226856053155
85,Top-1,top1,0.6,1051.0,2908.0,2908,1051,,,
85,Top-3,top3,0.6418416801292408,2735.0,8513.0,2908,1428,,,
86,Fmax,score>=5.20283,0.5470112778098671,5434.0,19090.0,2349,1463,0.3439736266876942,0.2864364271716861,0.4304364749448575
86,Fmax-full,score>=1,0.7930051727806269,11802.0,80052.0,2926,2133,0.06944414420979528,0.16516413519964973,0.04396466044376772
86,Top-1,top1,0.6122778675282714,1031.0,2926.0,2926,1031,,,
86,Top-3,top3,0.6533117932148627,2677.0,8534.0,2926,1447,,,
87,Fmax,score>=5.12019,0.5344633333387965,5515.0,19441.0,2325,1499,0.33972271176356444,0.28077436324402566,0.4300010897884067
87,Fmax-full,score>=1,0.7832672290535304,11661.0,79846.0,2896,2132,0.06955967915383744,0.16441624797437351,0.04411083891537271
87,Top-1,top1,0.6006462035541196,1037.0,2896.0,2896,1037,,,
87,Top-3,top3,0.6401184706515886,2713.0,8449.0,2896,1443,,,
88,Fmax,score>=5.12019,0.5469697934528072,5484.0,19639.0,2335,1456,0.34428971307970996,0.2864743519735073,0.43134176387095025
88,Fmax-full,score>=1,0.7911544275327254,11494.0,80321.0,2914,2119,0.06982899617046007,0.16579566380782712,0.04422845987502072
88,Top-1,top1,0.6032310177705977,1047.0,2914.0,2914,1047,,,
88,Top-3,top3,0.6467959073774906,2702.0,8537.0,2914,1440,,,
89,Fmax,score>=5.12019,0.5390845489707802,5674.0,19440.0,2342,1499,0.34152557003415146,0.2811502825769008,0.4349224896157296
89,Fmax-full,score>=1,0.781633872107783,12040.0,80416.0,2909,2190,0.06871419979730733,0.1620747021486281,0.04359944623659788
89,Top-1,top1,0.5980613893376413,1058.0,2909.0,2909,1058,,,
89,Top-3,top3,0.6381260096930533,2763.0,8514.0,2909,1477,,,
90,Fmax,score>=5.21146,0.5362103895897298,5514.0,19023.0,2319,1477,0.34231914770934896,0.2845454116883427,0.4295304628636623
90,Fmax-full,score>=1,0.7846689775401007,11876.0,81246.0,2904,2170,0.0693039987658398,0.16407136212250484,0.043930062848971954
90,Top-1,top1,0.5957996768982229,1060.0,2904.0,2904,1060,,,
90,Top-3,top3,0.6384491114701131,2748.0,8514.0,2904,1459,,,
91,Fmax,score>=5.21146,0.5478144297767327,5632.0,19995.0,2368,1490,0.34161014727232814,0.2847023559489613,0.42695142399186037
91,Fmax-full,score>=1,0.7917305295999278,11926.0,81236.0,2927,2156,0.06882240503578882,0.1644591416142427,0.04351654372480318
91,Top-1,top1,0.6025848142164781,1062.0,2927.0,2927,1062,,,
91,Top-3,top3,0.6444264943457189,2760.0,8574.0,2927,1467,,,
92,Fmax,score>=5.12019,0.5489844767494506,5806.0,20078.0,2373,1504,0.3403315762566983,0.28267203366684285,0.4275416814465105
92,Fmax-full,score>=1,0.7823813929335012,11840.0,80070.0,2902,2139,0.06889669840101569,0.16327662044995878,0.04365974939342309
92,Top-1,top1,0.5896607431340872,1077.0,2902.0,2902,1077,,,
92,Top-3,top3,0.6341949380721594,2789.0,8519.0,2902,1465,,,
93,Fmax,score>=5.12019,0.544024947126126,5639.0,19669.0,2355,1511,0.34052856265950254,0.2822295140098826,0.42918327611768486
93,Fmax-full,score>=1,0.7858497685877579,11886.0,81788.0,2904,2148,0.06916086314510958,0.16460855869644206,0.04377695138864668
93,Top-1,top1,0.5903069466882068,1077.0,2904.0,2904,1077,,,
93,Top-3,top3,0.6376952073236403,2753.0,8515.0,2904,1448,,,
94,Fmax,score>=5.12019,0.5492698024795687,5682.0,20009.0,2355,1493,0.3421003310555741,0.28517611544733146,0.4274174435018982
94,Fmax-full,score>=1,0.7877463785186759,11797.0,80514.0,2916,2130,0.06911895532942076,0.16399676521102735,0.04378678394637388
94,Top-1,top1,0.5922455573505654,1083.0,2916.0,2916,1083,,,
94,Top-3,top3,0.6367797522886376,2801.0,8523.0,2916,1493,,,
95,Fmax,score>=5.12019,0.5375735570065153,5622.0,19714.0,2332,1486,0.3403437275925207,0.2816043637491414,0.4300463460176768
95,Fmax-full,score>=1,0.7869986323832998,11824.0,80369.0,2917,2149,0.06885684758080375,0.1635328068128274,0.04360949368859131
95,Top-1,top1,0.5938610662358643,1079.0,2917.0,2917,1079,,,
95,Top-3,top3,0.6365643511039311,2807.0,8552.0,2917,1490,,,
96,Fmax,score>=5.12019,0.5377640239683031,5662.0,19729.0,2318,1469,0.3426525022766544,0.28352413189812076,0.43294156980869347
96,Fmax-full,score>=1,0.7809774283516524,11930.0,79942.0,2897,2131,0.06910730053199485,0.1632528827872463,0.043830743247167576
96,Top-1,top1,0.6022617124394184,1033.0,2897.0,2897,1033,,,
96,Top-3,top3,0.6399569197630587,2717.0,8481.0,2897,1453,,,
97,Fmax,score>=5.20283,0.5504930193328029,5506.0,19324.0,2367,1474,0.34213122794846784,0.2860580601212969,0.425547062668323
97,Fmax-full,score>=1,0.7876345280909836,11762.0,80807.0,2919,2137,0.06918805176122865,0.16357628984596062,0.043872407185428015
97,Top-1,top1,0.5987075928917609,1066.0,2919.0,2919,1066,,,
97,Top-3,top3,0.6401723209477652,2782.0,8555.0,2919,1469,,,
98,Fmax,score>=5.12019,0.5468726498546015,5517.0,19582.0,2354,1483,0.3413006092178191,0.28395935256353466,0.4276600226216792
98,Fmax-full,score>=1,0.7884874973824347,11446.0,78085.0,2914,2141,0.06958991684867925,0.16458056755946132,0.04412333573688941
98,Top-1,top1,0.5993537964458805,1059.0,2914.0,2914,1059,,,
98,Top-3,top3,0.6502961766289714,2676.0,8543.0,2914,1424,,,
99,Fmax,score>=5.12019,0.5512340497388606,5388.0,19318.0,2374,1466,0.34244782950745584,0.28380957472984636,0.4316267847978411
99,Fmax-full,score>=1,0.7835952508075837,11671.0,79422.0,2910,2115,0.0692959383277576,0.16284453321792797,0.04401235249224133
99,Top-1,top1,0.5990306946688206,1056.0,2910.0,2910,1056,,,
99,Top-3,top3,0.642541733979537,2730.0,8521.0,2910,1435,,,
