repeat,alpha,K,yield_M_T,yield_N_T,choose_N,label_M,label_N
0,0.05,10,359,379,1,adapt_37.7842_to_32.0342_q0.75,top4337
0,0.1,10,530,573,1,adapt_27.1593_to_23.0262_q0.6,top7261
0,0.2,10,754,888,1,adapt_19.5221_to_16.5512_q0.75,top13828
1,0.05,10,333,325,0,adapt_37.7842_to_32.0342_q0.75,top3813
1,0.1,10,404,487,1,adapt_32.0342_to_27.1593_q0.75,top6383
1,0.2,10,711,788,1,adapt_19.5221_to_16.5512_q0.75,top12156
2,0.05,10,315,291,0,adapt_37.7842_to_32.0342_q0.75,top3352
2,0.1,10,405,486,1,adapt_32.0342_to_27.1593_q0.75,top6383
2,0.2,10,707,817,1,adapt_19.5221_to_16.5512_q0.75,top12156
3,0.05,10,331,367,1,adapt_37.7842_to_32.0342_q0.75,top4337
3,0.1,10,528,612,1,adapt_27.1593_to_23.0262_q0.75,top8259
3,0.2,10,749,887,1,adapt_19.5221_to_16.5512_q0.75,top13828
4,0.05,10,369,340,0,adapt_32.0342_to_27.1593_q0.35,top4933
4,0.1,10,507,546,1,adapt_27.1593_to_23.0262_q0.75,top8259
4,0.2,10,708,893,1,adapt_19.5221_to_16.5512_q0.75,top15729
5,0.05,10,261,291,1,adapt_37.7842_to_32.0342_q0.75,top3813
5,0.1,10,447,515,1,adapt_27.1593_to_23.0262_q0.75,top7261
5,0.2,10,783,832,1,adapt_16.5512_to_14.0325_q0.75,top13828
6,0.05,10,290,273,0,adapt_37.7842_to_32.0342_q0.75,top3813
6,0.1,10,466,439,0,adapt_27.1593_to_23.0262_q0.75,top6383
6,0.2,10,745,714,0,adapt_16.5512_to_14.0325_q0.4,top12156
7,0.05,10,297,343,1,adapt_37.7842_to_32.0342_q0.75,top4337
7,0.1,10,377,566,1,adapt_32.0342_to_27.1593_q0.75,top7261
7,0.2,10,671,1022,1,adapt_19.5221_to_16.5512_q0.75,top15729
8,0.05,10,397,355,0,adapt_32.0342_to_27.1593_q0.6,top4337
8,0.1,10,516,565,1,adapt_27.1593_to_23.0262_q0.75,top7261
8,0.2,10,855,900,1,adapt_16.5512_to_14.0325_q0.75,top13828
9,0.05,10,326,354,1,adapt_37.7842_to_32.0342_q0.75,top4337
9,0.1,10,503,611,1,adapt_27.1593_to_23.0262_q0.6,top8259
9,0.2,10,738,901,1,adapt_19.5221_to_16.5512_q0.75,top13828
10,0.05,10,287,263,0,adapt_37.7842_to_32.0342_q0.75,top3813
10,0.1,10,461,473,1,adapt_27.1593_to_23.0262_q0.75,top7261
10,0.2,10,782,742,0,adapt_16.5512_to_14.0325_q0.6,top12156
11,0.05,10,312,319,1,adapt_37.7842_to_32.0342_q0.75,top3813
11,0.1,10,519,532,1,adapt_27.1593_to_23.0262_q0.75,top7261
11,0.2,10,709,1015,1,adapt_19.5221_to_16.5512_q0.75,top15729
12,0.05,10,366,403,1,adapt_37.7842_to_32.0342_q0.75,top4933
12,0.1,10,535,567,1,adapt_27.1593_to_23.0262_q0.6,top7261
12,0.2,10,757,910,1,adapt_19.5221_to_16.5512_q0.75,top13828
13,0.05,10,322,357,1,adapt_37.7842_to_32.0342_q0.75,top4337
13,0.1,10,520,636,1,adapt_27.1593_to_23.0262_q0.75,top8259
13,0.2,10,849,1037,1,adapt_16.5512_to_14.0325_q0.5,top15729
14,0.05,10,293,296,1,adapt_37.7842_to_32.0342_q0.75,top3813
14,0.1,10,452,468,1,adapt_27.1593_to_23.0262_q0.6,top6383
14,0.2,10,649,749,1,adapt_19.5221_to_16.5512_q0.75,top12156
15,0.05,10,311,359,1,adapt_37.7842_to_32.0342_q0.75,top4337
15,0.1,10,499,532,1,adapt_27.1593_to_23.0262_q0.75,top7261
15,0.2,10,826,863,1,adapt_16.5512_to_14.0325_q0.75,top13828
16,0.05,10,365,381,1,adapt_37.7842_to_32.0342_q0.75,top4337
16,0.1,10,539,528,0,adapt_27.1593_to_23.0262_q0.5,top6383
16,0.2,10,784,957,1,adapt_19.5221_to_16.5512_q0.75,top13828
17,0.05,10,296,342,1,adapt_37.7842_to_32.0342_q0.75,top4337
17,0.1,10,452,585,1,adapt_27.1593_to_23.0262_q0.5,top8259
17,0.2,10,702,867,1,adapt_19.5221_to_16.5512_q0.75,top13828
18,0.05,10,324,372,1,adapt_37.7842_to_32.0342_q0.75,top4337
18,0.1,10,393,545,1,adapt_32.0342_to_27.1593_q0.75,top7261
18,0.2,10,710,850,1,adapt_19.5221_to_16.5512_q0.75,top13828
19,0.05,10,320,285,0,adapt_32.0342_to_27.1593_q0.4,top3813
19,0.1,10,425,447,1,adapt_27.1593_to_23.0262_q0.75,top6383
19,0.2,10,742,807,1,adapt_16.5512_to_14.0325_q0.6,top13828
20,0.05,10,352,321,0,adapt_32.0342_to_27.1593_q0.5,top4337
20,0.1,10,459,549,1,adapt_27.1593_to_23.0262_q0.75,top8259
20,0.2,10,704,826,1,adapt_16.5512_to_14.0325_q0.35,top13828
21,0.05,10,285,291,1,adapt_37.7842_to_32.0342_q0.75,top3352
21,0.1,10,471,560,1,adapt_27.1593_to_23.0262_q0.6,top7261
21,0.2,10,702,963,1,adapt_19.5221_to_16.5512_q0.75,top13828
22,0.05,10,345,329,0,adapt_37.7842_to_32.0342_q0.75,top3813
22,0.1,10,489,541,1,adapt_27.1593_to_23.0262_q0.4,top7261
22,0.2,10,739,881,1,adapt_19.5221_to_16.5512_q0.75,top13828
23,0.05,10,330,322,0,adapt_37.7842_to_32.0342_q0.75,top3813
23,0.1,10,502,562,1,adapt_27.1593_to_23.0262_q0.6,top7261
23,0.2,10,716,855,1,adapt_19.5221_to_16.5512_q0.75,top12156
24,0.05,10,375,511,1,adapt_37.7842_to_32.0342_q0.75,top5612
24,0.1,10,590,741,1,adapt_27.1593_to_23.0262_q0.75,top9395
24,0.2,10,939,961,1,adapt_16.5512_to_14.0325_q0.75,top13828
25,0.05,10,299,332,1,adapt_37.7842_to_32.0342_q0.75,top3813
25,0.1,10,466,537,1,adapt_27.1593_to_23.0262_q0.6,top7261
25,0.2,10,765,863,1,adapt_16.5512_to_14.0325_q0.5,top13828
26,0.05,10,320,310,0,adapt_37.7842_to_32.0342_q0.75,top4337
26,0.1,10,493,572,1,adapt_27.1593_to_23.0262_q0.6,top8259
26,0.2,10,733,868,1,adapt_19.5221_to_16.5512_q0.75,top13828
27,0.05,10,275,406,1,adapt_37.7842_to_32.0342_q0.75,top5612
27,0.1,10,462,559,1,adapt_27.1593_to_23.0262_q0.75,top8259
27,0.2,10,777,842,1,adapt_16.5512_to_14.0325_q0.75,top13828
28,0.05,10,316,344,1,adapt_37.7842_to_32.0342_q0.75,top4337
28,0.1,10,528,521,0,adapt_27.1593_to_23.0262_q0.75,top7261
28,0.2,10,718,770,1,adapt_19.5221_to_16.5512_q0.75,top12156
29,0.05,10,274,260,0,adapt_37.7842_to_32.0342_q0.75,top3352
29,0.1,10,446,442,0,adapt_27.1593_to_23.0262_q0.6,top6383
29,0.2,10,746,740,0,adapt_16.5512_to_14.0325_q0.4,top12156
30,0.05,10,340,381,1,adapt_37.7842_to_32.0342_q0.75,top4337
30,0.1,10,512,557,1,adapt_27.1593_to_23.0262_q0.4,top7261
30,0.2,10,740,908,1,adapt_19.5221_to_16.5512_q0.75,top13828
31,0.05,10,360,376,1,adapt_37.7842_to_32.0342_q0.75,top4337
31,0.1,10,566,574,1,adapt_27.1593_to_23.0262_q0.75,top7261
31,0.2,10,888,927,1,adapt_16.5512_to_14.0325_q0.5,top13828
32,0.05,10,305,365,1,adapt_37.7842_to_32.0342_q0.75,top4933
32,0.1,10,463,533,1,adapt_27.1593_to_23.0262_q0.6,top8259
32,0.2,10,643,856,1,adapt_19.5221_to_16.5512_q0.75,top15729
33,0.05,10,326,339,1,adapt_37.7842_to_32.0342_q0.75,top4337
33,0.1,10,512,547,1,adapt_27.1593_to_23.0262_q0.75,top7261
33,0.2,10,715,905,1,adapt_19.5221_to_16.5512_q0.75,top13828
34,0.05,10,308,315,1,adapt_37.7842_to_32.0342_q0.75,top3813
34,0.1,10,400,437,1,adapt_32.0342_to_27.1593_q0.75,top5612
34,0.2,10,741,713,0,adapt_19.5221_to_16.5512_q0.75,top10687
35,0.05,10,389,414,1,adapt_32.0342_to_27.1593_q0.35,top4933
35,0.1,10,538,649,1,adapt_27.1593_to_23.0262_q0.75,top8259
35,0.2,10,853,926,1,adapt_16.5512_to_14.0325_q0.4,top13828
36,0.05,10,332,395,1,adapt_37.7842_to_32.0342_q0.75,top4933
36,0.1,10,495,600,1,adapt_27.1593_to_23.0262_q0.75,top8259
36,0.2,10,825,916,1,adapt_16.5512_to_14.0325_q0.75,top13828
37,0.05,10,390,450,1,adapt_37.7842_to_32.0342_q0.75,top4933
37,0.1,10,620,768,1,adapt_27.1593_to_23.0262_q0.75,top9395
37,0.2,10,975,1087,1,adapt_16.5512_to_14.0325_q0.6,top15729
38,0.05,10,348,485,1,adapt_37.7842_to_32.0342_q0.75,top5612
38,0.1,10,529,666,1,adapt_27.1593_to_23.0262_q0.75,top8259
38,0.2,10,873,1050,1,adapt_16.5512_to_14.0325_q0.75,top15729
39,0.05,10,274,329,1,adapt_37.7842_to_32.0342_q0.75,top3813
39,0.1,10,474,552,1,adapt_27.1593_to_23.0262_q0.6,top7261
39,0.2,10,778,933,1,adapt_16.5512_to_14.0325_q0.5,top15729
40,0.05,10,337,357,1,adapt_37.7842_to_32.0342_q0.75,top4337
40,0.1,10,518,553,1,adapt_27.1593_to_23.0262_q0.5,top7261
40,0.2,10,770,922,1,adapt_19.5221_to_16.5512_q0.75,top13828
41,0.05,10,324,425,1,adapt_37.7842_to_32.0342_q0.75,top4933
41,0.1,10,528,658,1,adapt_27.1593_to_23.0262_q0.75,top8259
41,0.2,10,855,968,1,adapt_16.5512_to_14.0325_q0.4,top13828
42,0.05,10,296,381,1,adapt_37.7842_to_32.0342_q0.75,top4337
42,0.1,10,493,580,1,adapt_27.1593_to_23.0262_q0.75,top7261
42,0.2,10,736,977,1,adapt_19.5221_to_16.5512_q0.75,top13828
43,0.05,10,341,366,1,adapt_37.7842_to_32.0342_q0.75,top4337
43,0.1,10,508,596,1,adapt_27.1593_to_23.0262_q0.6,top8259
43,0.2,10,837,894,1,adapt_16.5512_to_14.0325_q0.5,top13828
44,0.05,10,323,360,1,adapt_37.7842_to_32.0342_q0.75,top4933
44,0.1,10,521,534,1,adapt_27.1593_to_23.0262_q0.75,top8259
44,0.2,10,808,810,1,adapt_16.5512_to_14.0325_q0.6,top13828
45,0.05,10,328,342,1,adapt_37.7842_to_32.0342_q0.75,top4337
45,0.1,10,516,536,1,adapt_27.1593_to_23.0262_q0.6,top7261
45,0.2,10,846,911,1,adapt_16.5512_to_14.0325_q0.35,top13828
46,0.05,10,313,376,1,adapt_37.7842_to_32.0342_q0.75,top4337
46,0.1,10,515,603,1,adapt_27.1593_to_23.0262_q0.75,top7261
46,0.2,10,761,961,1,adapt_19.5221_to_16.5512_q0.75,top13828
47,0.05,10,301,365,1,adapt_37.7842_to_32.0342_q0.75,top4933
47,0.1,10,468,550,1,adapt_27.1593_to_23.0262_q0.6,top8259
47,0.2,10,685,818,1,adapt_19.5221_to_16.5512_q0.75,top13828
48,0.05,10,287,369,1,adapt_37.7842_to_32.0342_q0.75,top4337
48,0.1,10,479,624,1,adapt_27.1593_to_23.0262_q0.75,top8259
48,0.2,10,692,914,1,adapt_19.5221_to_16.5512_q0.75,top13828
49,0.05,10,341,422,1,adapt_37.7842_to_32.0342_q0.75,top4933
49,0.1,10,539,640,1,adapt_27.1593_to_23.0262_q0.75,top8259
49,0.2,10,741,977,1,adapt_19.5221_to_16.5512_q0.75,top15729
50,0.05,10,332,405,1,adapt_37.7842_to_32.0342_q0.75,top4933
50,0.1,10,523,553,1,adapt_27.1593_to_23.0262_q0.75,top7261
50,0.2,10,820,865,1,adapt_16.5512_to_14.0325_q0.5,top13828
51,0.05,10,289,367,1,adapt_37.7842_to_32.0342_q0.75,top4933
51,0.1,10,461,531,1,adapt_27.1593_to_23.0262_q0.75,top7261
51,0.2,10,798,930,1,adapt_16.5512_to_14.0325_q0.75,top15729
52,0.05,10,278,277,0,adapt_37.7842_to_32.0342_q0.75,top3813
52,0.1,10,440,483,1,adapt_27.1593_to_23.0262_q0.6,top7261
52,0.2,10,675,832,1,adapt_19.5221_to_16.5512_q0.75,top13828
53,0.05,10,283,355,1,adapt_37.7842_to_32.0342_q0.75,top4337
53,0.1,10,517,522,1,adapt_23.0262_to_19.5221_q0.35,top7261
53,0.2,10,767,847,1,adapt_16.5512_to_14.0325_q0.75,top13828
54,0.05,10,266,277,1,adapt_37.7842_to_32.0342_q0.75,top3813
54,0.1,10,441,478,1,adapt_27.1593_to_23.0262_q0.75,top7261
54,0.2,10,788,790,1,adapt_16.5512_to_14.0325_q0.75,top13828
55,0.05,10,289,312,1,adapt_37.7842_to_32.0342_q0.75,top3813
55,0.1,10,474,540,1,adapt_27.1593_to_23.0262_q0.75,top7261
55,0.2,10,755,856,1,adapt_16.5512_to_14.0325_q0.4,top13828
56,0.05,10,389,389,0,adapt_32.0342_to_27.1593_q0.6,top4933
56,0.1,10,540,548,1,adapt_23.0262_to_19.5221_q0.35,top7261
56,0.2,10,782,880,1,adapt_16.5512_to_14.0325_q0.6,top13828
57,0.05,10,295,396,1,adapt_37.7842_to_32.0342_q0.75,top4933
57,0.1,10,448,609,1,adapt_27.1593_to_23.0262_q0.6,top8259
57,0.2,10,671,914,1,adapt_19.5221_to_16.5512_q0.75,top13828
58,0.05,10,243,276,1,adapt_37.7842_to_32.0342_q0.75,top3813
58,0.1,10,403,485,1,adapt_27.1593_to_23.0262_q0.6,top7261
58,0.2,10,633,759,1,adapt_19.5221_to_16.5512_q0.75,top13828
59,0.05,10,309,395,1,adapt_37.7842_to_32.0342_q0.75,top4933
59,0.1,10,489,549,1,adapt_27.1593_to_23.0262_q0.5,top7261
59,0.2,10,736,871,1,adapt_19.5221_to_16.5512_q0.75,top13828
60,0.05,10,358,443,1,adapt_37.7842_to_32.0342_q0.75,top4933
60,0.1,10,544,661,1,adapt_27.1593_to_23.0262_q0.75,top8259
60,0.2,10,774,945,1,adapt_16.5512_to_14.0325_q0.02,top13828
61,0.05,10,297,347,1,adapt_37.7842_to_32.0342_q0.75,top4337
61,0.1,10,456,488,1,adapt_27.1593_to_23.0262_q0.75,top6383
61,0.2,10,653,840,1,adapt_19.5221_to_16.5512_q0.75,top13828
62,0.05,10,277,395,1,adapt_37.7842_to_32.0342_q0.75,top4933
62,0.1,10,484,567,1,adapt_27.1593_to_23.0262_q0.75,top8259
62,0.2,10,820,843,1,adapt_16.5512_to_14.0325_q0.6,top13828
63,0.05,10,264,332,1,adapt_37.7842_to_32.0342_q0.75,top4337
63,0.1,10,454,508,1,adapt_27.1593_to_23.0262_q0.75,top7261
63,0.2,10,669,805,1,adapt_19.5221_to_16.5512_q0.75,top13828
64,0.05,10,351,347,0,adapt_37.7842_to_32.0342_q0.75,top3813
64,0.1,10,523,575,1,adapt_27.1593_to_23.0262_q0.75,top7261
64,0.2,10,838,926,1,adapt_16.5512_to_14.0325_q0.6,top13828
65,0.05,10,292,315,1,adapt_37.7842_to_32.0342_q0.75,top3813
65,0.1,10,461,552,1,adapt_27.1593_to_23.0262_q0.6,top7261
65,0.2,10,783,873,1,adapt_16.5512_to_14.0325_q0.5,top13828
66,0.05,10,373,402,1,adapt_37.7842_to_32.0342_q0.75,top4337
66,0.1,10,541,564,1,adapt_27.1593_to_23.0262_q0.5,top6383
66,0.2,10,782,989,1,adapt_19.5221_to_16.5512_q0.75,top13828
67,0.05,10,325,365,1,adapt_37.7842_to_32.0342_q0.75,top4933
67,0.1,10,482,578,1,adapt_27.1593_to_23.0262_q0.75,top8259
67,0.2,10,749,921,1,adapt_16.5512_to_14.0325_q0.6,top15729
68,0.05,10,335,424,1,adapt_37.7842_to_32.0342_q0.75,top4933
68,0.1,10,433,561,1,adapt_32.0342_to_27.1593_q0.75,top7261
68,0.2,10,754,883,1,adapt_19.5221_to_16.5512_q0.75,top13828
69,0.05,10,302,255,0,adapt_37.7842_to_32.0342_q0.6,top2946
69,0.1,10,422,451,1,adapt_32.0342_to_27.1593_q0.75,top5612
69,0.2,10,730,970,1,adapt_19.5221_to_16.5512_q0.75,top13828
70,0.05,10,304,300,0,adapt_37.7842_to_32.0342_q0.75,top3813
70,0.1,10,487,480,0,adapt_27.1593_to_23.0262_q0.75,top6383
70,0.2,10,770,861,1,adapt_16.5512_to_14.0325_q0.5,top13828
71,0.05,10,317,287,0,adapt_37.7842_to_32.0342_q0.75,top3352
71,0.1,10,389,495,1,adapt_32.0342_to_27.1593_q0.75,top6383
71,0.2,10,671,787,1,adapt_19.5221_to_16.5512_q0.75,top12156
72,0.05,10,367,344,0,adapt_37.7842_to_32.0342_q0.75,top3352
72,0.1,10,571,572,1,adapt_27.1593_to_23.0262_q0.75,top6383
72,0.2,10,762,879,1,adapt_19.5221_to_16.5512_q0.75,top12156
73,0.05,10,314,333,1,adapt_37.7842_to_32.0342_q0.75,top4337
73,0.1,10,508,505,0,adapt_27.1593_to_23.0262_q0.75,top7261
73,0.2,10,722,850,1,adapt_19.5221_to_16.5512_q0.75,top13828
74,0.05,10,348,368,1,adapt_37.7842_to_32.0342_q0.75,top4337
74,0.1,10,578,583,1,adapt_27.1593_to_23.0262_q0.75,top7261
74,0.2,10,892,942,1,adapt_16.5512_to_14.0325_q0.5,top13828
75,0.05,10,314,294,0,adapt_37.7842_to_32.0342_q0.75,top3352
75,0.1,10,507,506,0,adapt_27.1593_to_23.0262_q0.75,top6383
75,0.2,10,720,899,1,adapt_19.5221_to_16.5512_q0.75,top13828
76,0.05,10,329,295,0,adapt_37.7842_to_32.0342_q0.75,top3813
76,0.1,10,499,527,1,adapt_27.1593_to_23.0262_q0.5,top7261
76,0.2,10,840,874,1,adapt_16.5512_to_14.0325_q0.6,top13828
77,0.05,10,350,386,1,adapt_37.7842_to_32.0342_q0.75,top4337
77,0.1,10,499,584,1,adapt_27.1593_to_23.0262_q0.4,top7261
77,0.2,10,754,924,1,adapt_19.5221_to_16.5512_q0.75,top13828
78,0.05,10,323,342,1,adapt_37.7842_to_32.0342_q0.75,top3813
78,0.1,10,512,592,1,adapt_27.1593_to_23.0262_q0.75,top7261
78,0.2,10,826,934,1,adapt_16.5512_to_14.0325_q0.5,top13828
79,0.05,10,286,254,0,adapt_37.7842_to_32.0342_q0.75,top3352
79,0.1,10,474,452,0,adapt_27.1593_to_23.0262_q0.6,top6383
79,0.2,10,693,792,1,adapt_19.5221_to_16.5512_q0.75,top12156
80,0.05,10,292,273,0,adapt_37.7842_to_32.0342_q0.75,top3352
80,0.1,10,478,481,1,adapt_27.1593_to_23.0262_q0.75,top6383
80,0.2,10,662,776,1,adapt_19.5221_to_16.5512_q0.75,top12156
81,0.05,10,328,336,1,adapt_37.7842_to_32.0342_q0.75,top3813
81,0.1,10,508,567,1,adapt_27.1593_to_23.0262_q0.6,top7261
81,0.2,10,752,920,1,adapt_19.5221_to_16.5512_q0.75,top13828
82,0.05,10,357,374,1,adapt_37.7842_to_32.0342_q0.75,top4337
82,0.1,10,510,592,1,adapt_27.1593_to_23.0262_q0.5,top7261
82,0.2,10,788,817,1,adapt_19.5221_to_16.5512_q0.75,top12156
83,0.05,10,340,429,1,adapt_37.7842_to_32.0342_q0.75,top4337
83,0.1,10,552,692,1,adapt_27.1593_to_23.0262_q0.75,top8259
83,0.2,10,789,1070,1,adapt_19.5221_to_16.5512_q0.75,top15729
84,0.05,10,321,329,1,adapt_37.7842_to_32.0342_q0.75,top3813
84,0.1,10,495,563,1,adapt_27.1593_to_23.0262_q0.75,top7261
84,0.2,10,811,892,1,adapt_16.5512_to_14.0325_q0.6,top13828
85,0.05,10,292,452,1,adapt_37.7842_to_32.0342_q0.75,top5612
85,0.1,10,477,621,1,adapt_27.1593_to_23.0262_q0.6,top8259
85,0.2,10,736,895,1,adapt_19.5221_to_16.5512_q0.75,top13828
86,0.05,10,377,343,0,adapt_32.0342_to_27.1593_q0.3,top3813
86,0.1,10,518,533,1,adapt_27.1593_to_23.0262_q0.75,top6383
86,0.2,10,736,922,1,adapt_19.5221_to_16.5512_q0.75,top13828
87,0.05,10,345,324,0,adapt_37.7842_to_32.0342_q0.75,top3813
87,0.1,10,561,592,1,adapt_27.1593_to_23.0262_q0.75,top7261
87,0.2,10,777,939,1,adapt_19.5221_to_16.5512_q0.75,top13828
88,0.05,10,320,356,1,adapt_37.7842_to_32.0342_q0.75,top4337
88,0.1,10,409,563,1,adapt_32.0342_to_27.1593_q0.75,top7261
88,0.2,10,725,897,1,adapt_19.5221_to_16.5512_q0.75,top13828
89,0.05,10,309,340,1,adapt_37.7842_to_32.0342_q0.75,top4337
89,0.1,10,409,505,1,adapt_32.0342_to_27.1593_q0.75,top7261
89,0.2,10,718,812,1,adapt_19.5221_to_16.5512_q0.75,top13828
90,0.05,10,302,301,0,adapt_37.7842_to_32.0342_q0.75,top3813
90,0.1,10,393,509,1,adapt_32.0342_to_27.1593_q0.75,top7261
90,0.2,10,804,854,1,adapt_16.5512_to_14.0325_q0.5,top13828
91,0.05,10,305,379,1,adapt_37.7842_to_32.0342_q0.75,top4933
91,0.1,10,455,566,1,adapt_27.1593_to_23.0262_q0.4,top8259
91,0.2,10,696,899,1,adapt_19.5221_to_16.5512_q0.75,top15729
92,0.05,10,257,292,1,adapt_37.7842_to_32.0342_q0.75,top3352
92,0.1,10,452,526,1,adapt_27.1593_to_23.0262_q0.75,top7261
92,0.2,10,785,874,1,adapt_16.5512_to_14.0325_q0.6,top13828
93,0.05,10,355,407,1,adapt_37.7842_to_32.0342_q0.75,top4933
93,0.1,10,539,571,1,adapt_27.1593_to_23.0262_q0.75,top7261
93,0.2,10,743,1015,1,adapt_19.5221_to_16.5512_q0.75,top15729
94,0.05,10,292,319,1,adapt_37.7842_to_32.0342_q0.75,top3813
94,0.1,10,495,554,1,adapt_27.1593_to_23.0262_q0.6,top7261
94,0.2,10,713,891,1,adapt_19.5221_to_16.5512_q0.75,top13828
95,0.05,10,317,304,0,adapt_37.7842_to_32.0342_q0.75,top3813
95,0.1,10,505,548,1,adapt_27.1593_to_23.0262_q0.75,top7261
95,0.2,10,707,904,1,adapt_19.5221_to_16.5512_q0.75,top13828
96,0.05,10,335,342,1,adapt_37.7842_to_32.0342_q0.75,top4337
96,0.1,10,509,526,1,adapt_27.1593_to_23.0262_q0.75,top7261
96,0.2,10,820,860,1,adapt_16.5512_to_14.0325_q0.5,top13828
97,0.05,10,318,364,1,adapt_37.7842_to_32.0342_q0.75,top4337
97,0.1,10,496,508,1,adapt_27.1593_to_23.0262_q0.75,top6383
97,0.2,10,832,910,1,adapt_16.5512_to_14.0325_q0.4,top13828
98,0.05,10,280,408,1,adapt_37.7842_to_32.0342_q0.75,top5612
98,0.1,10,466,575,1,adapt_27.1593_to_23.0262_q0.75,top8259
98,0.2,10,773,892,1,adapt_16.5512_to_14.0325_q0.5,top15729
99,0.05,10,289,296,1,adapt_37.7842_to_32.0342_q0.75,top4337
99,0.1,10,466,540,1,adapt_27.1593_to_23.0262_q0.6,top8259
99,0.2,10,696,846,1,adapt_19.5221_to_16.5512_q0.75,top13828
