repeat,rule,cutoff,fdp,correct,total,units,supp_units
0,cutoff0.30103,0.30103,0.832654144120376,16297.0,140316.0,2978,2403
0,cutoff0.5,0.5,0.8166705668823147,14885.0,119863.0,2951,2325
0,cutoff1,1.0,0.7857133402135746,12048.0,79889.0,2914,2125
0,cutoff1.30103,1.30103,0.7688566428628032,10977.0,65184.0,2891,2060
0,cutoff2,2.0,0.7221559175030303,9215.0,48471.0,2788,1929
1,cutoff0.30103,0.30103,0.8285760793594493,15963.0,140700.0,2962,2383
1,cutoff0.5,0.5,0.8142297383052786,14646.0,120723.0,2939,2314
1,cutoff1,1.0,0.7814733522608539,12042.0,81089.0,2901,2147
1,cutoff1.30103,1.30103,0.7639964280935391,10931.0,66026.0,2874,2080
1,cutoff2,2.0,0.7214940248733696,9254.0,49096.0,2783,1935
2,cutoff0.30103,0.30103,0.8296811943073581,16120.0,141303.0,2969,2384
2,cutoff0.5,0.5,0.8153346336430503,14750.0,120703.0,2945,2319
2,cutoff1,1.0,0.7847753191755868,12097.0,80222.0,2913,2158
2,cutoff1.30103,1.30103,0.7665865239097838,10936.0,65242.0,2883,2071
2,cutoff2,2.0,0.7239144032150444,9189.0,48373.0,2786,1915
3,cutoff0.30103,0.30103,0.8302334072197844,15979.0,141187.0,2969,2403
3,cutoff0.5,0.5,0.8169138427363337,14635.0,121103.0,2951,2330
3,cutoff1,1.0,0.7857940849932206,11907.0,80640.0,2923,2150
3,cutoff1.30103,1.30103,0.7678714582311038,10784.0,65498.0,2894,2066
3,cutoff2,2.0,0.7253968851712382,9112.0,48674.0,2797,1907
4,cutoff0.30103,0.30103,0.8308664356309527,15713.0,141020.0,2960,2373
4,cutoff0.5,0.5,0.8174357533313493,14400.0,121242.0,2937,2298
4,cutoff1,1.0,0.7861437388598072,11692.0,80668.0,2902,2125
4,cutoff1.30103,1.30103,0.7691755347278393,10545.0,65606.0,2877,2064
4,cutoff2,2.0,0.7272578443893745,8881.0,48934.0,2786,1922
5,cutoff0.30103,0.30103,0.8300522485945494,16070.0,141166.0,2962,2398
5,cutoff0.5,0.5,0.8157171446930543,14709.0,121129.0,2937,2321
5,cutoff1,1.0,0.7858160739619495,12046.0,80696.0,2903,2143
5,cutoff1.30103,1.30103,0.7681298236938191,10960.0,65782.0,2876,2071
5,cutoff2,2.0,0.7247473870532519,9293.0,48975.0,2788,1944
6,cutoff0.30103,0.30103,0.8328486616307833,15868.0,139583.0,2963,2338
6,cutoff0.5,0.5,0.8183585458837995,14557.0,120140.0,2938,2265
6,cutoff1,1.0,0.7810478647308573,11986.0,80594.0,2897,2136
6,cutoff1.30103,1.30103,0.7623991432912697,10872.0,65560.0,2867,2079
6,cutoff2,2.0,0.7147201651984907,9138.0,48742.0,2762,1944
7,cutoff0.30103,0.30103,0.8293577114182507,15795.0,140473.0,2961,2379
7,cutoff0.5,0.5,0.8147565257575191,14557.0,120306.0,2937,2298
7,cutoff1,1.0,0.7851089350785766,11954.0,80203.0,2910,2131
7,cutoff1.30103,1.30103,0.7651960843184973,10820.0,65043.0,2876,2068
7,cutoff2,2.0,0.7187803618005261,9096.0,48410.0,2774,1918
8,cutoff0.30103,0.30103,0.827838968955079,15974.0,141628.0,2952,2378
8,cutoff0.5,0.5,0.8140255093753357,14607.0,121210.0,2929,2311
8,cutoff1,1.0,0.7833188975532683,11825.0,80555.0,2895,2148
8,cutoff1.30103,1.30103,0.76610794426209,10711.0,65341.0,2867,2070
8,cutoff2,2.0,0.7240865315158829,8982.0,48396.0,2779,1920
9,cutoff0.30103,0.30103,0.8326529833924219,15791.0,140328.0,2974,2348
9,cutoff0.5,0.5,0.8194518211398105,14496.0,120158.0,2952,2269
9,cutoff1,1.0,0.7876833489755563,11736.0,79957.0,2918,2093
9,cutoff1.30103,1.30103,0.7681755712211347,10614.0,64846.0,2884,2019
9,cutoff2,2.0,0.7170504005627816,8951.0,48181.0,2765,1884
10,cutoff0.30103,0.30103,0.8344407052370368,15785.0,139718.0,2971,2385
10,cutoff0.5,0.5,0.8220748651194492,14424.0,119901.0,2953,2310
10,cutoff1,1.0,0.7922947391720114,11721.0,80013.0,2925,2147
10,cutoff1.30103,1.30103,0.771067065274845,10569.0,65165.0,2881,2076
10,cutoff2,2.0,0.7244782725607519,8886.0,48444.0,2773,1930
11,cutoff0.30103,0.30103,0.8373616392920682,15969.0,142651.0,2978,2372
11,cutoff0.5,0.5,0.8240894261683998,14624.0,122422.0,2956,2292
11,cutoff1,1.0,0.7935069032356212,11944.0,81392.0,2926,2144
11,cutoff1.30103,1.30103,0.774213750970908,10770.0,65831.0,2896,2071
11,cutoff2,2.0,0.7284822274504203,9070.0,48720.0,2795,1922
12,cutoff0.30103,0.30103,0.8308853091269909,15763.0,139334.0,2972,2404
12,cutoff0.5,0.5,0.8163945681801044,14482.0,119564.0,2949,2328
12,cutoff1,1.0,0.7837168428534937,11813.0,79880.0,2913,2166
12,cutoff1.30103,1.30103,0.7671888409328201,10693.0,64734.0,2889,2081
12,cutoff2,2.0,0.7218516264530244,9070.0,48336.0,2788,1941
13,cutoff0.30103,0.30103,0.8331226862632606,15761.0,141308.0,2966,2397
13,cutoff0.5,0.5,0.8179233294810585,14435.0,121292.0,2939,2328
13,cutoff1,1.0,0.7843166977543311,11841.0,81214.0,2903,2171
13,cutoff1.30103,1.30103,0.7678924853236572,10702.0,65844.0,2878,2085
13,cutoff2,2.0,0.7296093198392571,9012.0,48803.0,2793,1935
14,cutoff0.30103,0.30103,0.8305030703067022,15784.0,139317.0,2961,2364
14,cutoff0.5,0.5,0.8161236687063904,14479.0,119423.0,2939,2305
14,cutoff1,1.0,0.7823564327155504,11890.0,80026.0,2902,2147
14,cutoff1.30103,1.30103,0.76286286716399,10803.0,65251.0,2870,2073
14,cutoff2,2.0,0.7200449116333726,9112.0,48843.0,2772,1930
15,cutoff0.30103,0.30103,0.8365742078988956,15807.0,139657.0,2970,2337
15,cutoff0.5,0.5,0.8236980768227561,14503.0,119937.0,2952,2257
15,cutoff1,1.0,0.7905200077726539,11844.0,80070.0,2913,2103
15,cutoff1.30103,1.30103,0.7700430589614291,10739.0,64927.0,2880,2033
15,cutoff2,2.0,0.7279938494714385,9002.0,48445.0,2781,1873
16,cutoff0.30103,0.30103,0.8331622042685627,15580.0,139645.0,2972,2400
16,cutoff0.5,0.5,0.8222562178585204,14214.0,119526.0,2961,2314
16,cutoff1,1.0,0.7908702002390492,11546.0,79224.0,2929,2161
16,cutoff1.30103,1.30103,0.7701979287941584,10480.0,64590.0,2895,2074
16,cutoff2,2.0,0.7245885601044244,8815.0,48128.0,2788,1924
17,cutoff0.30103,0.30103,0.8326888028541047,16015.0,141029.0,2978,2384
17,cutoff0.5,0.5,0.8191674759637922,14668.0,121155.0,2958,2313
17,cutoff1,1.0,0.7893033397653627,11917.0,80409.0,2929,2146
17,cutoff1.30103,1.30103,0.7693894134371092,10798.0,65354.0,2893,2072
17,cutoff2,2.0,0.722850170943148,9125.0,48616.0,2790,1915
18,cutoff0.30103,0.30103,0.8335591686723687,15813.0,141494.0,2974,2384
18,cutoff0.5,0.5,0.8212579261883622,14485.0,121105.0,2956,2314
18,cutoff1,1.0,0.787523926782554,11958.0,81032.0,2918,2167
18,cutoff1.30103,1.30103,0.7718697440554644,10803.0,65711.0,2898,2101
18,cutoff2,2.0,0.730653241137004,9087.0,48706.0,2806,1949
19,cutoff0.30103,0.30103,0.8304329860354053,16055.0,140611.0,2974,2398
19,cutoff0.5,0.5,0.817853480601191,14712.0,120688.0,2954,2320
19,cutoff1,1.0,0.7873927142959736,12090.0,80866.0,2916,2140
19,cutoff1.30103,1.30103,0.769649781904531,10971.0,66039.0,2887,2080
19,cutoff2,2.0,0.7250895539389809,9267.0,49207.0,2780,1917
20,cutoff0.30103,0.30103,0.8304576738920708,15630.0,139683.0,2958,2380
20,cutoff0.5,0.5,0.8179166458469328,14238.0,119797.0,2940,2313
20,cutoff1,1.0,0.78302857668223,11645.0,79808.0,2898,2147
20,cutoff1.30103,1.30103,0.764217766223278,10489.0,64919.0,2866,2077
20,cutoff2,2.0,0.7246745752740734,8776.0,48344.0,2778,1927
21,cutoff0.30103,0.30103,0.8356512482267658,16015.0,143865.0,2979,2397
21,cutoff0.5,0.5,0.8206414474375924,14617.0,123341.0,2951,2317
21,cutoff1,1.0,0.7852919801727359,11886.0,82090.0,2905,2155
21,cutoff1.30103,1.30103,0.7684057345599251,10734.0,66388.0,2877,2081
21,cutoff2,2.0,0.724562324432294,9027.0,49167.0,2782,1938
22,cutoff0.30103,0.30103,0.8372317273143915,16158.0,143458.0,2973,2378
22,cutoff0.5,0.5,0.8232488971586606,14770.0,122667.0,2953,2315
22,cutoff1,1.0,0.791206755676307,11963.0,81603.0,2923,2155
22,cutoff1.30103,1.30103,0.7721005398470607,10770.0,66348.0,2889,2090
22,cutoff2,2.0,0.7267795612576569,9050.0,49349.0,2793,1945
23,cutoff0.30103,0.30103,0.831242638702771,15895.0,140768.0,2957,2373
23,cutoff0.5,0.5,0.8175824953936723,14562.0,120720.0,2935,2299
23,cutoff1,1.0,0.7863349797161207,11907.0,81103.0,2902,2137
23,cutoff1.30103,1.30103,0.7679425479777165,10800.0,66055.0,2874,2069
23,cutoff2,2.0,0.7255940997066526,9083.0,48989.0,2788,1922
24,cutoff0.30103,0.30103,0.8325976158797472,16091.0,141469.0,2975,2407
24,cutoff0.5,0.5,0.8198405008232453,14686.0,120978.0,2957,2331
24,cutoff1,1.0,0.785642628164937,12000.0,80778.0,2918,2164
24,cutoff1.30103,1.30103,0.7675043714657294,10895.0,65760.0,2889,2095
24,cutoff2,2.0,0.7223849468827132,9130.0,48800.0,2782,1946
25,cutoff0.30103,0.30103,0.832943006766033,15822.0,139320.0,2971,2386
25,cutoff0.5,0.5,0.8213105227830642,14499.0,119442.0,2956,2316
25,cutoff1,1.0,0.7874736689921771,11896.0,79531.0,2920,2139
25,cutoff1.30103,1.30103,0.7664826629956379,10797.0,64572.0,2885,2079
25,cutoff2,2.0,0.7186738702127367,9123.0,48105.0,2774,1936
26,cutoff0.30103,0.30103,0.8389083845276857,15491.0,139854.0,2978,2367
26,cutoff0.5,0.5,0.824243559315406,14193.0,119677.0,2955,2295
26,cutoff1,1.0,0.7940337870517725,11648.0,79615.0,2928,2125
26,cutoff1.30103,1.30103,0.7714959850097828,10577.0,64609.0,2890,2060
26,cutoff2,2.0,0.7263563425982127,8946.0,47972.0,2789,1920
27,cutoff0.30103,0.30103,0.8317586993877824,15598.0,140433.0,2962,2376
27,cutoff0.5,0.5,0.8174715859841979,14254.0,120354.0,2939,2297
27,cutoff1,1.0,0.787771079206066,11568.0,79950.0,2905,2115
27,cutoff1.30103,1.30103,0.7703445188324733,10501.0,64985.0,2877,2042
27,cutoff2,2.0,0.7235955017141378,8893.0,48446.0,2773,1896
28,cutoff0.30103,0.30103,0.8329960851920368,15934.0,139031.0,2974,2377
28,cutoff0.5,0.5,0.8172267150728949,14578.0,119333.0,2944,2297
28,cutoff1,1.0,0.7858851183201367,11880.0,79338.0,2914,2141
28,cutoff1.30103,1.30103,0.7682800818967288,10797.0,64796.0,2885,2070
28,cutoff2,2.0,0.716659369149151,9150.0,48130.0,2768,1930
29,cutoff0.30103,0.30103,0.8375073408510811,15473.0,140017.0,2982,2369
29,cutoff0.5,0.5,0.8245924234124395,14231.0,120157.0,2963,2292
29,cutoff1,1.0,0.7949991389513809,11662.0,80195.0,2930,2117
29,cutoff1.30103,1.30103,0.7757239526795978,10612.0,65450.0,2899,2057
29,cutoff2,2.0,0.7302328400159258,8998.0,48897.0,2796,1911
30,cutoff0.30103,0.30103,0.8266841940313255,15841.0,138621.0,2957,2371
30,cutoff0.5,0.5,0.8139037898800261,14433.0,118441.0,2937,2298
30,cutoff1,1.0,0.7815269224279031,11773.0,78366.0,2901,2126
30,cutoff1.30103,1.30103,0.7617603647518245,10691.0,63660.0,2866,2038
30,cutoff2,2.0,0.718385040312196,9039.0,47362.0,2769,1892
31,cutoff0.30103,0.30103,0.834034886096068,16009.0,140940.0,2965,2375
31,cutoff0.5,0.5,0.8203450047288773,14643.0,120733.0,2942,2298
31,cutoff1,1.0,0.7902697638169258,11943.0,80559.0,2912,2149
31,cutoff1.30103,1.30103,0.770408772300038,10776.0,65433.0,2878,2068
31,cutoff2,2.0,0.722180885182749,9089.0,48739.0,2767,1922
32,cutoff0.30103,0.30103,0.8291488733625432,16003.0,140080.0,2955,2355
32,cutoff0.5,0.5,0.8148458511436824,14696.0,120438.0,2928,2290
32,cutoff1,1.0,0.78285372884321,12002.0,80671.0,2899,2155
32,cutoff1.30103,1.30103,0.7632024874326967,10851.0,65557.0,2868,2089
32,cutoff2,2.0,0.7212109424142916,9105.0,48803.0,2779,1944
33,cutoff0.30103,0.30103,0.8323160085613162,15544.0,141242.0,2959,2362
33,cutoff0.5,0.5,0.8192224070600799,14180.0,120846.0,2940,2284
33,cutoff1,1.0,0.7858615788605233,11491.0,80165.0,2902,2114
33,cutoff1.30103,1.30103,0.768707272509945,10381.0,65045.0,2878,2039
33,cutoff2,2.0,0.7214492458707852,8692.0,48050.0,2768,1885
34,cutoff0.30103,0.30103,0.8302869917969616,15538.0,138296.0,2963,2365
34,cutoff0.5,0.5,0.8175602964502549,14239.0,119245.0,2942,2288
34,cutoff1,1.0,0.7815069688882562,11670.0,79467.0,2901,2120
34,cutoff1.30103,1.30103,0.7645346405307639,10585.0,64752.0,2879,2052
34,cutoff2,2.0,0.7148434729574454,8976.0,48296.0,2762,1902
35,cutoff0.30103,0.30103,0.8370067022855783,15845.0,141264.0,2973,2396
35,cutoff0.5,0.5,0.825596822463936,14479.0,121346.0,2957,2326
35,cutoff1,1.0,0.7902715199628534,11779.0,81053.0,2918,2179
35,cutoff1.30103,1.30103,0.7709298573791521,10619.0,65968.0,2883,2117
35,cutoff2,2.0,0.7273515174614131,8829.0,48846.0,2789,1956
36,cutoff0.30103,0.30103,0.8318583621564477,15395.0,136514.0,2968,2339
36,cutoff0.5,0.5,0.8187202284391975,14146.0,117225.0,2948,2268
36,cutoff1,1.0,0.7876153960403919,11626.0,78323.0,2914,2103
36,cutoff1.30103,1.30103,0.7694901207472914,10569.0,63738.0,2885,2038
36,cutoff2,2.0,0.7235755577994043,8954.0,47653.0,2781,1894
37,cutoff0.30103,0.30103,0.8354152378075939,15896.0,143333.0,2978,2390
37,cutoff0.5,0.5,0.8227082422810951,14555.0,122908.0,2959,2320
37,cutoff1,1.0,0.7908668524109127,11852.0,81794.0,2926,2162
37,cutoff1.30103,1.30103,0.7714668646837444,10735.0,66136.0,2893,2086
37,cutoff2,2.0,0.7238502618136456,9059.0,49008.0,2788,1937
38,cutoff0.30103,0.30103,0.825021930462978,15389.0,136604.0,2953,2358
38,cutoff0.5,0.5,0.8113555041250424,14130.0,117354.0,2928,2289
38,cutoff1,1.0,0.7780124095049233,11652.0,78589.0,2891,2120
38,cutoff1.30103,1.30103,0.7595618048580401,10616.0,64253.0,2862,2058
38,cutoff2,2.0,0.7194066908641057,8971.0,47902.0,2773,1909
39,cutoff0.30103,0.30103,0.8303064062184051,15876.0,142112.0,2960,2369
39,cutoff0.5,0.5,0.8174193401938359,14518.0,121787.0,2941,2299
39,cutoff1,1.0,0.7839174456460638,11811.0,81259.0,2899,2125
39,cutoff1.30103,1.30103,0.7672704905123532,10657.0,65844.0,2871,2055
39,cutoff2,2.0,0.7228548735556987,8909.0,48629.0,2771,1897
40,cutoff0.30103,0.30103,0.8261157553266064,15751.0,136381.0,2954,2357
40,cutoff0.5,0.5,0.8143301174279135,14382.0,116775.0,2937,2276
40,cutoff1,1.0,0.7835722057510726,11740.0,78364.0,2901,2092
40,cutoff1.30103,1.30103,0.7649656310313752,10645.0,63945.0,2870,2025
40,cutoff2,2.0,0.7230061732244983,9024.0,47869.0,2774,1887
41,cutoff0.30103,0.30103,0.8375728581152995,15658.0,140249.0,2974,2368
41,cutoff0.5,0.5,0.8246841268028258,14340.0,120163.0,2951,2297
41,cutoff1,1.0,0.7903396533602348,11679.0,80220.0,2913,2141
41,cutoff1.30103,1.30103,0.7718160135833125,10583.0,65368.0,2878,2061
41,cutoff2,2.0,0.7280380584058874,8919.0,48688.0,2780,1925
42,cutoff0.30103,0.30103,0.8339639236721821,16046.0,141391.0,2980,2407
42,cutoff0.5,0.5,0.8190722104267608,14665.0,121125.0,2952,2328
42,cutoff1,1.0,0.7840153787696681,11925.0,80624.0,2909,2154
42,cutoff1.30103,1.30103,0.7660787520444005,10828.0,65467.0,2881,2086
42,cutoff2,2.0,0.7223423460058995,9066.0,48640.0,2777,1918
43,cutoff0.30103,0.30103,0.8387635754876841,15485.0,139606.0,2981,2358
43,cutoff0.5,0.5,0.8259110297454986,14184.0,119696.0,2959,2285
43,cutoff1,1.0,0.7951607620471568,11579.0,79871.0,2924,2124
43,cutoff1.30103,1.30103,0.7759730584800316,10506.0,64902.0,2891,2048
43,cutoff2,2.0,0.7331422493999447,8841.0,48340.0,2796,1912
44,cutoff0.30103,0.30103,0.833001998998994,16052.0,141702.0,2973,2393
44,cutoff0.5,0.5,0.8172162451453266,14681.0,121233.0,2943,2313
44,cutoff1,1.0,0.7831470335150061,12056.0,80832.0,2913,2158
44,cutoff1.30103,1.30103,0.7645502764811701,10969.0,65720.0,2887,2090
44,cutoff2,2.0,0.7214497500827466,9249.0,49020.0,2794,1941
45,cutoff0.30103,0.30103,0.8306172891353131,15552.0,138137.0,2967,2366
45,cutoff0.5,0.5,0.8162205358450554,14268.0,118355.0,2945,2301
45,cutoff1,1.0,0.7833494767069415,11668.0,79122.0,2908,2126
45,cutoff1.30103,1.30103,0.7643261476408579,10620.0,64352.0,2878,2054
45,cutoff2,2.0,0.7197682157469492,8941.0,47658.0,2781,1917
46,cutoff0.30103,0.30103,0.8271613387291741,15857.0,137217.0,2965,2393
46,cutoff0.5,0.5,0.814413897056153,14515.0,117543.0,2948,2317
46,cutoff1,1.0,0.7813346200447502,11916.0,78520.0,2911,2157
46,cutoff1.30103,1.30103,0.764511663202144,10726.0,63926.0,2883,2086
46,cutoff2,2.0,0.722768077897971,9064.0,47629.0,2789,1933
47,cutoff0.30103,0.30103,0.8282121226083997,15372.0,138887.0,2958,2365
47,cutoff0.5,0.5,0.8149889907744313,14070.0,119132.0,2935,2297
47,cutoff1,1.0,0.7827236613813926,11506.0,79781.0,2901,2158
47,cutoff1.30103,1.30103,0.7648444473951151,10469.0,65064.0,2875,2089
47,cutoff2,2.0,0.7199001038816947,8866.0,48645.0,2775,1944
48,cutoff0.30103,0.30103,0.8325438975905407,15932.0,140395.0,2977,2380
48,cutoff0.5,0.5,0.8200495897051284,14596.0,120660.0,2959,2306
48,cutoff1,1.0,0.7862145015785874,11895.0,80601.0,2919,2148
48,cutoff1.30103,1.30103,0.7687827977514284,10808.0,65626.0,2896,2087
48,cutoff2,2.0,0.7277982431518853,9146.0,49072.0,2797,1931
49,cutoff0.30103,0.30103,0.8336811472832402,16192.0,143279.0,2973,2388
49,cutoff0.5,0.5,0.8185125113551198,14808.0,123159.0,2945,2318
49,cutoff1,1.0,0.7878032977065834,12077.0,82042.0,2914,2163
49,cutoff1.30103,1.30103,0.7690910161953745,10930.0,66715.0,2884,2099
49,cutoff2,2.0,0.7286146991114121,9153.0,49572.0,2794,1958
50,cutoff0.30103,0.30103,0.8354525305337271,15622.0,140473.0,2969,2376
50,cutoff0.5,0.5,0.8230531109458219,14306.0,120317.0,2949,2290
50,cutoff1,1.0,0.791606581331166,11756.0,80375.0,2918,2137
50,cutoff1.30103,1.30103,0.7746691351071471,10690.0,65354.0,2895,2077
50,cutoff2,2.0,0.728835909825984,9043.0,48445.0,2795,1938
51,cutoff0.30103,0.30103,0.8299410039471651,16387.0,142074.0,2964,2373
51,cutoff0.5,0.5,0.8176150977984314,15010.0,121814.0,2945,2298
51,cutoff1,1.0,0.7857883992438217,12241.0,81358.0,2915,2158
51,cutoff1.30103,1.30103,0.7682107881450979,11070.0,66339.0,2890,2085
51,cutoff2,2.0,0.7287860569686908,9332.0,49435.0,2806,1927
52,cutoff0.30103,0.30103,0.8284814578415461,15783.0,137704.0,2953,2391
52,cutoff0.5,0.5,0.8152978228338985,14393.0,117861.0,2930,2318
52,cutoff1,1.0,0.779889409854325,11743.0,78678.0,2884,2146
52,cutoff1.30103,1.30103,0.7645551122611398,10604.0,64281.0,2865,2070
52,cutoff2,2.0,0.7191218512920892,8939.0,48130.0,2765,1916
53,cutoff0.30103,0.30103,0.8344697616333603,15465.0,138876.0,2968,2346
53,cutoff0.5,0.5,0.8233469495934166,14119.0,119087.0,2954,2272
53,cutoff1,1.0,0.7929214473301881,11498.0,79648.0,2918,2115
53,cutoff1.30103,1.30103,0.7744017811703505,10440.0,64938.0,2885,2042
53,cutoff2,2.0,0.7294083703392648,8802.0,48331.0,2781,1884
54,cutoff0.30103,0.30103,0.830846308303991,15654.0,140186.0,2955,2334
54,cutoff0.5,0.5,0.8184874252724377,14346.0,120399.0,2937,2267
54,cutoff1,1.0,0.7882701728868742,11723.0,80286.0,2909,2121
54,cutoff1.30103,1.30103,0.7696135322446931,10634.0,65144.0,2879,2058
54,cutoff2,2.0,0.7217039670800848,8999.0,48376.0,2771,1903
55,cutoff0.30103,0.30103,0.8256051569148435,15939.0,139723.0,2952,2397
55,cutoff0.5,0.5,0.8122501774836437,14600.0,119878.0,2932,2323
55,cutoff1,1.0,0.7815064749919264,11869.0,80223.0,2898,2153
55,cutoff1.30103,1.30103,0.7632468755211081,10797.0,65308.0,2873,2105
55,cutoff2,2.0,0.7207513792488361,9091.0,48626.0,2778,1950
56,cutoff0.30103,0.30103,0.8318476655322777,15778.0,140445.0,2964,2377
56,cutoff0.5,0.5,0.8189632748560935,14411.0,120386.0,2942,2293
56,cutoff1,1.0,0.7904247128900883,11666.0,80222.0,2919,2128
56,cutoff1.30103,1.30103,0.7740266281253442,10560.0,65042.0,2895,2060
56,cutoff2,2.0,0.7287220165555697,8840.0,48343.0,2796,1917
57,cutoff0.30103,0.30103,0.832211274493838,15843.0,140916.0,2973,2410
57,cutoff0.5,0.5,0.8178771413465573,14440.0,120681.0,2948,2323
57,cutoff1,1.0,0.7866771704165201,11776.0,80656.0,2920,2153
57,cutoff1.30103,1.30103,0.7694480551203512,10659.0,65561.0,2898,2082
57,cutoff2,2.0,0.7268324587907216,8985.0,48899.0,2794,1915
58,cutoff0.30103,0.30103,0.8318198444765188,15358.0,137683.0,2957,2353
58,cutoff0.5,0.5,0.8210429524169283,13981.0,117721.0,2945,2285
58,cutoff1,1.0,0.7903434981662062,11370.0,78352.0,2913,2101
58,cutoff1.30103,1.30103,0.7704420503945121,10280.0,63625.0,2879,2026
58,cutoff2,2.0,0.7255849895526099,8669.0,47285.0,2777,1874
59,cutoff0.30103,0.30103,0.8275964086840488,16152.0,140496.0,2966,2389
59,cutoff0.5,0.5,0.8155646691708884,14815.0,120733.0,2951,2317
59,cutoff1,1.0,0.7821448582383614,12205.0,80736.0,2918,2174
59,cutoff1.30103,1.30103,0.7636368133276141,11025.0,65587.0,2889,2094
59,cutoff2,2.0,0.718784426822608,9314.0,48647.0,2784,1948
60,cutoff0.30103,0.30103,0.8281180726599973,16421.0,138371.0,2960,2373
60,cutoff0.5,0.5,0.8143465547028743,15047.0,118904.0,2939,2308
60,cutoff1,1.0,0.7817768257664707,12240.0,79543.0,2900,2147
60,cutoff1.30103,1.30103,0.7646884627422207,11083.0,64927.0,2878,2082
60,cutoff2,2.0,0.7201543510122623,9316.0,48489.0,2781,1941
61,cutoff0.30103,0.30103,0.8285696702542509,15921.0,140696.0,2959,2393
61,cutoff0.5,0.5,0.8150041139504367,14522.0,120387.0,2938,2329
61,cutoff1,1.0,0.7818275480659713,11887.0,80671.0,2899,2162
61,cutoff1.30103,1.30103,0.763203020628484,10791.0,65828.0,2868,2087
61,cutoff2,2.0,0.718286615452092,9057.0,49013.0,2768,1956
62,cutoff0.30103,0.30103,0.8308862495043575,15689.0,139312.0,2961,2364
62,cutoff0.5,0.5,0.8173660767989944,14353.0,119496.0,2939,2283
62,cutoff1,1.0,0.7882873967561245,11710.0,79782.0,2911,2118
62,cutoff1.30103,1.30103,0.7704166721017947,10622.0,64949.0,2884,2050
62,cutoff2,2.0,0.7249372610813747,8867.0,48197.0,2782,1904
63,cutoff0.30103,0.30103,0.833088173494372,15478.0,140213.0,2963,2358
63,cutoff0.5,0.5,0.8200155684753073,14156.0,120059.0,2942,2270
63,cutoff1,1.0,0.7884120640520149,11585.0,80038.0,2905,2113
63,cutoff1.30103,1.30103,0.7725432274142545,10495.0,64994.0,2882,2040
63,cutoff2,2.0,0.728057256565157,8861.0,48299.0,2781,1900
64,cutoff0.30103,0.30103,0.830458890401218,15891.0,140716.0,2958,2368
64,cutoff0.5,0.5,0.8152533869196954,14553.0,120765.0,2932,2300
64,cutoff1,1.0,0.7847217539150927,11901.0,81021.0,2899,2137
64,cutoff1.30103,1.30103,0.7661153918869591,10786.0,65770.0,2869,2065
64,cutoff2,2.0,0.7193235384892533,9090.0,48915.0,2762,1930
65,cutoff0.30103,0.30103,0.8355931747482023,16142.0,144020.0,2973,2372
65,cutoff0.5,0.5,0.8233362245142546,14861.0,123899.0,2957,2300
65,cutoff1,1.0,0.7925087368058598,12124.0,82970.0,2921,2130
65,cutoff1.30103,1.30103,0.7740423052360863,10990.0,67282.0,2893,2063
65,cutoff2,2.0,0.7293312238039675,9284.0,49903.0,2796,1920
66,cutoff0.30103,0.30103,0.832462415444796,15564.0,139715.0,2969,2406
66,cutoff0.5,0.5,0.8198663757613688,14248.0,119699.0,2954,2344
66,cutoff1,1.0,0.7877821608921568,11708.0,80248.0,2919,2198
66,cutoff1.30103,1.30103,0.7684537399918862,10590.0,65190.0,2888,2127
66,cutoff2,2.0,0.7256205725479468,8913.0,48447.0,2795,1972
67,cutoff0.30103,0.30103,0.830688772826221,16325.0,140418.0,2974,2414
67,cutoff0.5,0.5,0.8181204925185483,14938.0,120295.0,2957,2348
67,cutoff1,1.0,0.7857763805741611,12121.0,80215.0,2925,2198
67,cutoff1.30103,1.30103,0.7677095758783783,10997.0,65291.0,2899,2115
67,cutoff2,2.0,0.7221266103401409,9190.0,48447.0,2796,1964
68,cutoff0.30103,0.30103,0.8324480989679415,15847.0,139287.0,2969,2342
68,cutoff0.5,0.5,0.8191855555656501,14540.0,119685.0,2945,2266
68,cutoff1,1.0,0.7870781032004707,11901.0,79929.0,2908,2112
68,cutoff1.30103,1.30103,0.7682121282234083,10793.0,65019.0,2877,2037
68,cutoff2,2.0,0.72266719580264,9020.0,48120.0,2770,1887
69,cutoff0.30103,0.30103,0.8328892407828327,15584.0,140995.0,2964,2388
69,cutoff0.5,0.5,0.8177883833720292,14246.0,120691.0,2938,2316
69,cutoff1,1.0,0.7875624165037622,11543.0,80064.0,2903,2131
69,cutoff1.30103,1.30103,0.7678794661443888,10429.0,65021.0,2869,2063
69,cutoff2,2.0,0.7276742220115492,8732.0,48095.0,2786,1913
70,cutoff0.30103,0.30103,0.8343176230025651,16009.0,141451.0,2975,2386
70,cutoff0.5,0.5,0.8226454045735857,14663.0,121072.0,2961,2324
70,cutoff1,1.0,0.790254304513841,11930.0,80657.0,2924,2159
70,cutoff1.30103,1.30103,0.7731979217950014,10840.0,65529.0,2903,2093
70,cutoff2,2.0,0.7303659644120245,9107.0,48644.0,2809,1941
71,cutoff0.30103,0.30103,0.8401879012079448,15261.0,140577.0,2978,2355
71,cutoff0.5,0.5,0.82607649765071,13910.0,120376.0,2954,2277
71,cutoff1,1.0,0.792248916242711,11308.0,80146.0,2911,2104
71,cutoff1.30103,1.30103,0.7769026547021399,10200.0,65005.0,2887,2025
71,cutoff2,2.0,0.730005945757957,8562.0,48153.0,2783,1885
72,cutoff0.30103,0.30103,0.834258233364945,15655.0,140929.0,2976,2368
72,cutoff0.5,0.5,0.819862725221127,14296.0,120672.0,2950,2290
72,cutoff1,1.0,0.7903019435783676,11644.0,80120.0,2922,2112
72,cutoff1.30103,1.30103,0.7707127918629125,10596.0,65203.0,2892,2050
72,cutoff2,2.0,0.7234268515370913,8946.0,48560.0,2787,1909
73,cutoff0.30103,0.30103,0.8303764956442972,15774.0,139840.0,2957,2371
73,cutoff0.5,0.5,0.819071619124565,14445.0,119522.0,2940,2289
73,cutoff1,1.0,0.7867247240084674,11839.0,79500.0,2908,2130
73,cutoff1.30103,1.30103,0.768410263886062,10737.0,64718.0,2881,2062
73,cutoff2,2.0,0.7222936529478379,9110.0,48290.0,2778,1927
74,cutoff0.30103,0.30103,0.8342662293836063,15825.0,141739.0,2970,2393
74,cutoff0.5,0.5,0.8227873567149042,14421.0,121386.0,2958,2327
74,cutoff1,1.0,0.7908807261009246,11785.0,81129.0,2931,2174
74,cutoff1.30103,1.30103,0.7725550106031017,10612.0,65956.0,2901,2108
74,cutoff2,2.0,0.7275420220035766,8934.0,49214.0,2799,1952
75,cutoff0.30103,0.30103,0.8324516445094788,16047.0,140509.0,2969,2392
75,cutoff0.5,0.5,0.8180362171833544,14629.0,120419.0,2941,2316
75,cutoff1,1.0,0.7897399850545304,11974.0,80639.0,2914,2157
75,cutoff1.30103,1.30103,0.7703884369936651,10882.0,65565.0,2883,2087
75,cutoff2,2.0,0.7271872806729095,9099.0,48747.0,2780,1947
76,cutoff0.30103,0.30103,0.8322681030555317,15820.0,140798.0,2967,2383
76,cutoff0.5,0.5,0.8197271573572784,14427.0,120493.0,2948,2304
76,cutoff1,1.0,0.7873223873223297,11684.0,80138.0,2907,2136
76,cutoff1.30103,1.30103,0.7688398570669123,10575.0,65229.0,2878,2065
76,cutoff2,2.0,0.7256514250309584,8918.0,48477.0,2782,1910
77,cutoff0.30103,0.30103,0.8367780601570757,15994.0,141143.0,2973,2360
77,cutoff0.5,0.5,0.8226653575768018,14698.0,121324.0,2950,2293
77,cutoff1,1.0,0.7882391982428704,11954.0,80512.0,2908,2133
77,cutoff1.30103,1.30103,0.7691557064333862,10829.0,65554.0,2872,2050
77,cutoff2,2.0,0.7295822766527817,9075.0,48634.0,2782,1889
78,cutoff0.30103,0.30103,0.8327319055974199,16058.0,140178.0,2978,2366
78,cutoff0.5,0.5,0.8161576548242355,14721.0,120227.0,2951,2302
78,cutoff1,1.0,0.7857598695186437,11944.0,80010.0,2921,2153
78,cutoff1.30103,1.30103,0.7659691652727355,10830.0,65063.0,2888,2088
78,cutoff2,2.0,0.7232235869679555,9093.0,48360.0,2795,1932
79,cutoff0.30103,0.30103,0.8296868136597275,15593.0,138293.0,2958,2364
79,cutoff0.5,0.5,0.8157354792869618,14284.0,118413.0,2937,2290
79,cutoff1,1.0,0.7837723397429334,11664.0,78762.0,2901,2137
79,cutoff1.30103,1.30103,0.763548825686909,10542.0,63911.0,2865,2066
79,cutoff2,2.0,0.7215079164591665,8829.0,47445.0,2769,1907
80,cutoff0.30103,0.30103,0.8294525509814916,16171.0,140220.0,2972,2394
80,cutoff0.5,0.5,0.818138812465379,14807.0,120247.0,2956,2316
80,cutoff1,1.0,0.7850483393232259,12133.0,80179.0,2923,2152
80,cutoff1.30103,1.30103,0.765967918508759,11075.0,65284.0,2898,2094
80,cutoff2,2.0,0.7205325132354542,9377.0,48396.0,2801,1949
81,cutoff0.30103,0.30103,0.831348918509126,15531.0,138412.0,2961,2356
81,cutoff0.5,0.5,0.816601541223696,14165.0,118430.0,2934,2269
81,cutoff1,1.0,0.7849056836356146,11641.0,79397.0,2898,2114
81,cutoff1.30103,1.30103,0.7636533002904691,10533.0,64343.0,2861,2041
81,cutoff2,2.0,0.7206003217386695,8883.0,48121.0,2766,1900
82,cutoff0.30103,0.30103,0.8331349290398912,16069.0,139710.0,2969,2384
82,cutoff0.5,0.5,0.8191790776796746,14716.0,120087.0,2950,2305
82,cutoff1,1.0,0.7884255512878543,12046.0,80824.0,2915,2151
82,cutoff1.30103,1.30103,0.7712802596129313,10949.0,65937.0,2893,2095
82,cutoff2,2.0,0.7271268932103946,9240.0,49294.0,2788,1947
83,cutoff0.30103,0.30103,0.8299958148619655,16100.0,142333.0,2964,2385
83,cutoff0.5,0.5,0.8184636000440592,14769.0,122219.0,2949,2311
83,cutoff1,1.0,0.7851409677934589,12033.0,81668.0,2912,2160
83,cutoff1.30103,1.30103,0.7677017476265701,10848.0,66262.0,2885,2090
83,cutoff2,2.0,0.7228498981527014,9141.0,49317.0,2778,1945
84,cutoff0.30103,0.30103,0.8307239622748094,16234.0,141301.0,2981,2405
84,cutoff0.5,0.5,0.8178628645185845,14903.0,121318.0,2964,2334
84,cutoff1,1.0,0.786985947523638,12307.0,81600.0,2934,2177
84,cutoff1.30103,1.30103,0.7674137671391814,11193.0,66485.0,2905,2111
84,cutoff2,2.0,0.7259835337431549,9487.0,49760.0,2809,1972
85,cutoff0.30103,0.30103,0.8333773779096448,15675.0,139623.0,2965,2370
85,cutoff0.5,0.5,0.8208422279727986,14374.0,119947.0,2945,2303
85,cutoff1,1.0,0.7871155720975221,11826.0,80560.0,2908,2124
85,cutoff1.30103,1.30103,0.7689290027329181,10691.0,65361.0,2881,2058
85,cutoff2,2.0,0.7229057362555967,9025.0,48760.0,2781,1917
86,cutoff0.30103,0.30103,0.8382361504045657,15730.0,139265.0,2977,2370
86,cutoff0.5,0.5,0.8256685486214067,14419.0,119644.0,2959,2294
86,cutoff1,1.0,0.7930051727806269,11802.0,80052.0,2926,2133
86,cutoff1.30103,1.30103,0.7729895226789157,10712.0,64910.0,2890,2076
86,cutoff2,2.0,0.7224516010516417,9006.0,48030.0,2774,1928
87,cutoff0.30103,0.30103,0.8305768347059859,15615.0,139041.0,2962,2360
87,cutoff0.5,0.5,0.816972451394862,14325.0,119233.0,2941,2294
87,cutoff1,1.0,0.7832672290535304,11661.0,79846.0,2896,2132
87,cutoff1.30103,1.30103,0.7650083392011958,10552.0,64774.0,2864,2073
87,cutoff2,2.0,0.7154402353083356,8864.0,48253.0,2751,1926
88,cutoff0.30103,0.30103,0.835686070727836,15446.0,141161.0,2968,2346
88,cutoff0.5,0.5,0.8237501388635063,14076.0,120850.0,2949,2274
88,cutoff1,1.0,0.7911544275327254,11494.0,80321.0,2914,2119
88,cutoff1.30103,1.30103,0.7733809821714737,10396.0,65329.0,2882,2040
88,cutoff2,2.0,0.7320293507460113,8744.0,48455.0,2788,1896
89,cutoff0.30103,0.30103,0.8254965110093039,16138.0,140766.0,2960,2420
89,cutoff0.5,0.5,0.8119795225927631,14761.0,120461.0,2940,2353
89,cutoff1,1.0,0.781633872107783,12040.0,80416.0,2909,2190
89,cutoff1.30103,1.30103,0.7629419294338764,10880.0,64991.0,2878,2112
89,cutoff2,2.0,0.7219561127648736,9091.0,47939.0,2790,1960
90,cutoff0.30103,0.30103,0.8314328528718716,15925.0,142754.0,2962,2391
90,cutoff0.5,0.5,0.8177500455910216,14575.0,122296.0,2937,2317
90,cutoff1,1.0,0.7846689775401007,11876.0,81246.0,2904,2170
90,cutoff1.30103,1.30103,0.7645656425193589,10754.0,65661.0,2870,2099
90,cutoff2,2.0,0.7237281181868207,9052.0,48556.0,2784,1938
91,cutoff0.30103,0.30103,0.8377989236725625,15939.0,141628.0,2984,2385
91,cutoff0.5,0.5,0.8264788968353466,14626.0,121189.0,2970,2318
91,cutoff1,1.0,0.7917305295999278,11926.0,81236.0,2927,2156
91,cutoff1.30103,1.30103,0.7751339001105267,10809.0,66257.0,2902,2075
91,cutoff2,2.0,0.7314469554282271,9120.0,49474.0,2806,1919
92,cutoff0.30103,0.30103,0.8299773335188984,15691.0,139718.0,2966,2381
92,cutoff0.5,0.5,0.8173272403170911,14443.0,119957.0,2946,2305
92,cutoff1,1.0,0.7823813929335012,11840.0,80070.0,2902,2139
92,cutoff1.30103,1.30103,0.7659419945379101,10743.0,65104.0,2877,2064
92,cutoff2,2.0,0.7258122571380926,9139.0,48705.0,2788,1920
93,cutoff0.30103,0.30103,0.8339321796947765,15852.0,142951.0,2966,2377
93,cutoff0.5,0.5,0.8187551402786534,14490.0,122593.0,2940,2314
93,cutoff1,1.0,0.7858497685877579,11886.0,81788.0,2904,2148
93,cutoff1.30103,1.30103,0.7689959167297405,10757.0,66032.0,2881,2086
93,cutoff2,2.0,0.7275935329112339,9007.0,49014.0,2787,1927
94,cutoff0.30103,0.30103,0.8322860858320795,15809.0,139771.0,2971,2373
94,cutoff0.5,0.5,0.8184283608717817,14399.0,119718.0,2947,2302
94,cutoff1,1.0,0.7877463785186759,11797.0,80514.0,2916,2130
94,cutoff1.30103,1.30103,0.7705962449561664,10678.0,65265.0,2892,2059
94,cutoff2,2.0,0.7239336832161128,9014.0,48668.0,2786,1922
95,cutoff0.30103,0.30103,0.8347798848908083,15918.0,140682.0,2975,2378
95,cutoff0.5,0.5,0.8209684952753024,14591.0,120603.0,2955,2301
95,cutoff1,1.0,0.7869986323832998,11824.0,80369.0,2917,2149
95,cutoff1.30103,1.30103,0.7683609400075011,10686.0,65230.0,2885,2075
95,cutoff2,2.0,0.7242657484148785,8936.0,48352.0,2782,1920
96,cutoff0.30103,0.30103,0.831238815319764,15999.0,139920.0,2967,2370
96,cutoff0.5,0.5,0.81644752342553,14640.0,119927.0,2940,2290
96,cutoff1,1.0,0.7809774283516524,11930.0,79942.0,2897,2131
96,cutoff1.30103,1.30103,0.763918402556436,10833.0,65120.0,2871,2065
96,cutoff2,2.0,0.7184559823170998,9152.0,48713.0,2769,1918
97,cutoff0.30103,0.30103,0.8296286411845931,15746.0,141148.0,2965,2380
97,cutoff0.5,0.5,0.8185776781102463,14405.0,120890.0,2950,2310
97,cutoff1,1.0,0.7876345280909836,11762.0,80807.0,2919,2137
97,cutoff1.30103,1.30103,0.7685900318477835,10653.0,65547.0,2887,2075
97,cutoff2,2.0,0.7255234256504659,8969.0,48785.0,2790,1932
98,cutoff0.30103,0.30103,0.8338621715240666,15303.0,137028.0,2971,2380
98,cutoff0.5,0.5,0.8208337654136691,13998.0,117108.0,2950,2307
98,cutoff1,1.0,0.7884874973824348,11446.0,78085.0,2914,2141
98,cutoff1.30103,1.30103,0.7708464605705305,10422.0,63758.0,2885,2063
98,cutoff2,2.0,0.7291090521305906,8840.0,47616.0,2796,1906
99,cutoff0.30103,0.30103,0.8317076937200051,15599.0,139559.0,2969,2348
99,cutoff0.5,0.5,0.8174168879137962,14297.0,119524.0,2947,2272
99,cutoff1,1.0,0.7835952508075837,11671.0,79422.0,2910,2115
99,cutoff1.30103,1.30103,0.7659558970226595,10522.0,64413.0,2880,2047
99,cutoff2,2.0,0.7240003622056455,8840.0,47830.0,2794,1903
