dataset,delta,method,go_fdp,go_yield,unit_fdp,unit_yield,mean_calls,none_rate
Wainberg,0.1,Boger et al.,0.7898100549345358,338.9,0.09226789559532256,185.32,1611.65,0.0
Wainberg,0.5,Boger et al.,0.789692479294558,339.61,0.09232070928946862,185.71,1614.12,0.0
Wainberg,0.1,Hoeffding/LTT,0.7483717637564163,279.38,0.07710745699237675,161.51,1114.99,0.0
Wainberg,0.5,Hoeffding/LTT,0.7900215473734689,333.34,0.09140365771514566,182.57,1587.08,0.0
Wainberg,0.1,Hoeffding-Bentkus,0.7901162756766182,334.5,0.09166807811663158,183.08,1593.33,0.0
Wainberg,0.5,Hoeffding-Bentkus,0.789692479294558,339.61,0.09232070928946862,185.71,1614.12,0.0
Wainberg,0.1,IID-normal,0.7898100549345358,338.9,0.09226789559532256,185.32,1611.65,0.0
Wainberg,0.5,IID-normal,0.789692479294558,339.61,0.09232070928946862,185.71,1614.12,0.0
Wainberg,0.1,Empirical Bernstein,0.7768095672938665,314.88,0.0867824916349837,175.0,1435.86,0.0
Wainberg,0.5,Empirical Bernstein,0.7901069697844878,335.66,0.09189954437891475,183.61,1598.73,0.0
Wainberg,0.1,Binary-incidence McDiarmid,0.7461580262876158,276.81,0.0763318332036145,160.49,1089.83,0.0
Wainberg,0.5,Binary-incidence McDiarmid,0.7584053429774531,291.82,0.0804466780660415,166.14,1230.43,0.0
Wainberg,0.1,Janson dependency-graph,0.7461580262876158,276.81,0.0763318332036145,160.49,1089.83,0.0
Wainberg,0.5,Janson dependency-graph,0.7496360773390882,281.0,0.07751786945114822,162.14,1129.32,0.0
Wainberg,0.1,Network-HAC (b=1),0.787167552465574,328.77,0.0902829207691821,180.6,1552.2,0.0
Wainberg,0.5,Network-HAC (b=1),0.789692479294558,339.61,0.09232070928946862,185.71,1614.12,0.0
Wainberg,0.1,Platt calibration,0.78715127985296,332.15,0.09078249382059844,182.31,1566.22,0.0
Wainberg,0.5,Platt calibration,0.78715127985296,332.15,0.09078249382059844,182.31,1566.22,0.0
Wainberg,0.1,Isotonic calibration,0.7887477587479057,337.64,0.09193126518534095,184.82,1600.53,0.0
Wainberg,0.5,Isotonic calibration,0.7887477587479057,337.64,0.09193126518534095,184.82,1600.53,0.0
Wainberg,0.1,GoDag,0.789692479294558,339.61,0.09232070928946862,185.71,1614.12,0.0
Wainberg,0.5,GoDag,0.789692479294558,339.61,0.09232070928946862,185.71,1614.12,0.0
Wainberg,0.1,GoCo,0.8068411043150953,349.71,0.0958252208977942,189.74,1813.65,0.0
Wainberg,0.5,GoCo,0.8132130067305965,353.89,0.09843810166868407,192.11,1896.84,0.0
Sanger,0.1,Boger et al.,0.8193305954022975,315.81,0.09130298535147009,150.65,1751.3,0.0
Sanger,0.5,Boger et al.,0.8259736731811729,332.99,0.09532114990427669,155.41,1918.55,0.0
Sanger,0.1,Hoeffding/LTT,0.7833971606221459,287.02,0.07689272263192246,141.73,1324.82,0.0
Sanger,0.5,Hoeffding/LTT,0.8100157126357804,308.0,0.0876084415361969,148.1,1641.38,0.0
Sanger,0.1,Hoeffding-Bentkus,0.8128744509505827,310.41,0.08876563449315764,148.95,1676.29,0.0
Sanger,0.5,Hoeffding-Bentkus,0.8201274537853454,316.42,0.09156798687417052,150.87,1759.46,0.0
Sanger,0.1,IID-normal,0.8193305954022975,315.81,0.09130298535147009,150.65,1751.3,0.0
Sanger,0.5,IID-normal,0.8259736731811729,332.99,0.09532114990427669,155.41,1918.55,0.0
Sanger,0.1,Empirical Bernstein,0.7915498849721883,293.75,0.08031030944480337,143.79,1425.37,0.0
Sanger,0.5,Empirical Bernstein,0.8143317483495792,311.51,0.08935781750843877,149.29,1692.44,0.0
Sanger,0.1,Binary-incidence McDiarmid,0.7833971606221459,287.02,0.07689272263192246,141.73,1324.82,0.0
Sanger,0.5,Binary-incidence McDiarmid,0.7853038744987586,288.6,0.07766238804787293,142.18,1348.58,0.0
Sanger,0.1,Janson dependency-graph,0.7867233538712499,263.28,0.07274114873811749,132.19,1236.86,0.0
Sanger,0.5,Janson dependency-graph,0.7833971606221459,287.02,0.07689272263192246,141.73,1324.82,0.0
Sanger,0.1,Network-HAC (b=1),0.8052053083524341,304.31,0.08570711602529242,146.97,1586.5,0.0
Sanger,0.5,Network-HAC (b=1),0.8259736731811729,332.99,0.09532114990427669,155.41,1918.55,0.0
Sanger,0.1,Platt calibration,0.8237969945412698,334.36,0.09494291378722876,155.59,1903.76,0.0
Sanger,0.5,Platt calibration,0.8237969945412698,334.36,0.09494291378722876,155.59,1903.76,0.0
Sanger,0.1,Isotonic calibration,0.824668507779134,337.78,0.09561841775969183,156.48,1932.96,0.0
Sanger,0.5,Isotonic calibration,0.824668507779134,337.78,0.09561841775969183,156.48,1932.96,0.0
Sanger,0.1,GoDag,0.8214249508759868,319.11,0.09227616000976431,151.65,1789.29,0.0
Sanger,0.5,GoDag,0.8264676258129877,353.79,0.09799481876436429,160.9,2040.05,0.0
Sanger,0.1,GoCo,0.8295095619541893,331.35,0.09392368113323793,154.95,1944.98,0.0
Sanger,0.5,GoCo,0.8358298314602695,365.58,0.09855007384765851,164.06,2237.19,0.0
DRIVE,0.1,Boger et al.,0.8569049701211786,227.88,0.09126237419524302,90.05,1608.94,0.0
DRIVE,0.5,Boger et al.,0.8642362876211354,248.14,0.09454694333522323,96.12,1834.22,0.0
DRIVE,0.1,Hoeffding/LTT,0.8314120219478228,186.17,0.07961980412793725,79.28,1114.48,0.0
DRIVE,0.5,Hoeffding/LTT,0.8457227932459992,206.06,0.08640422721764449,84.2,1355.83,0.0
DRIVE,0.1,Hoeffding-Bentkus,0.8482707476844561,209.41,0.08737369974633422,85.14,1401.22,0.0
DRIVE,0.5,Hoeffding-Bentkus,0.8593567163597204,233.87,0.09229028894548703,91.79,1679.04,0.0
DRIVE,0.1,IID-normal,0.8569049701211786,227.88,0.09126237419524302,90.05,1608.94,0.0
DRIVE,0.5,IID-normal,0.8642362876211354,248.14,0.09454694333522323,96.12,1834.22,0.0
DRIVE,0.1,Empirical Bernstein,0.8379989901696483,194.27,0.08280308114035688,81.49,1209.0,0.0
DRIVE,0.5,Empirical Bernstein,0.8503241844680492,213.1,0.08820190341964321,86.0,1443.87,0.0
DRIVE,0.1,Binary-incidence McDiarmid,0.8117312814972305,150.13,0.06821404408957972,67.49,801.94,0.0
DRIVE,0.5,Binary-incidence McDiarmid,0.8283594719474776,183.32,0.07816834051800338,78.39,1077.38,0.0
DRIVE,0.1,Janson dependency-graph,0.8017395589285922,135.34,0.06288393657948985,61.92,694.91,0.0
DRIVE,0.5,Janson dependency-graph,0.8213557306743822,175.65,0.0745723316811756,76.01,988.48,0.0
DRIVE,0.1,Network-HAC (b=1),0.8384831028707087,194.98,0.0830613270856499,81.64,1218.06,0.0
DRIVE,0.5,Network-HAC (b=1),0.8642362876211354,248.14,0.09454694333522323,96.12,1834.22,0.0
DRIVE,0.1,Platt calibration,0.857826280513115,233.55,0.09141772880059333,91.68,1662.86,0.0
DRIVE,0.5,Platt calibration,0.857826280513115,233.55,0.09141772880059333,91.68,1662.86,0.0
DRIVE,0.1,Isotonic calibration,0.858414806410417,235.26,0.09170837696572509,92.03,1681.28,0.0
DRIVE,0.5,Isotonic calibration,0.858414806410417,235.26,0.09170837696572509,92.03,1681.28,0.0
DRIVE,0.1,GoDag,0.8609040336239971,237.23,0.09290384266721155,92.91,1717.7,0.0
DRIVE,0.5,GoDag,0.8664922119841113,258.6,0.09647140532131215,98.68,1954.11,0.0
DRIVE,0.1,GoCo,0.8686477426589925,255.67,0.09408274213878794,98.0,1965.15,0.0
DRIVE,0.5,GoCo,0.8747447856144557,288.05,0.0984177513935205,105.55,2311.73,0.0
HAP1,0.1,Boger et al.,0.847294040602194,129.45,0.07190802384926853,77.03,847.17,0.0
HAP1,0.5,Boger et al.,0.847294040602194,129.45,0.07190802384926853,77.03,847.17,0.0
HAP1,0.1,Hoeffding/LTT,0.847294040602194,129.45,0.07190802384926853,77.03,847.17,0.0
HAP1,0.5,Hoeffding/LTT,0.847294040602194,129.45,0.07190802384926853,77.03,847.17,0.0
HAP1,0.1,Hoeffding-Bentkus,0.847294040602194,129.45,0.07190802384926853,77.03,847.17,0.0
HAP1,0.5,Hoeffding-Bentkus,0.847294040602194,129.45,0.07190802384926853,77.03,847.17,0.0
HAP1,0.1,IID-normal,0.847294040602194,129.45,0.07190802384926853,77.03,847.17,0.0
HAP1,0.5,IID-normal,0.847294040602194,129.45,0.07190802384926853,77.03,847.17,0.0
HAP1,0.1,Empirical Bernstein,0.847294040602194,129.45,0.07190802384926853,77.03,847.17,0.0
HAP1,0.5,Empirical Bernstein,0.847294040602194,129.45,0.07190802384926853,77.03,847.17,0.0
HAP1,0.1,Binary-incidence McDiarmid,0.847294040602194,129.45,0.07190802384926853,77.03,847.17,0.0
HAP1,0.5,Binary-incidence McDiarmid,0.847294040602194,129.45,0.07190802384926853,77.03,847.17,0.0
HAP1,0.1,Janson dependency-graph,0.847294040602194,129.45,0.07190802384926853,77.03,847.17,0.0
HAP1,0.5,Janson dependency-graph,0.847294040602194,129.45,0.07190802384926853,77.03,847.17,0.0
HAP1,0.1,Network-HAC (b=1),0.847294040602194,129.45,0.07190802384926853,77.03,847.17,0.0
HAP1,0.5,Network-HAC (b=1),0.847294040602194,129.45,0.07190802384926853,77.03,847.17,0.0
HAP1,0.1,Platt calibration,0.847294040602194,129.45,0.07190802384926853,77.03,847.17,0.0
HAP1,0.5,Platt calibration,0.847294040602194,129.45,0.07190802384926853,77.03,847.17,0.0
HAP1,0.1,Isotonic calibration,0.847294040602194,129.45,0.07190802384926853,77.03,847.17,0.0
HAP1,0.5,Isotonic calibration,0.847294040602194,129.45,0.07190802384926853,77.03,847.17,0.0
HAP1,0.1,GoDag,0.847294040602194,129.45,0.07190802384926853,77.03,847.17,0.0
HAP1,0.5,GoDag,0.847294040602194,129.45,0.07190802384926853,77.03,847.17,0.0
HAP1,0.1,GoCo,0.8883856213068132,134.35,0.08874036988469156,79.18,1203.87,0.0
HAP1,0.5,GoCo,0.8939511458588515,135.65,0.09580428914978428,79.85,1281.82,0.0
