dataset,seed,alpha,delta,method,policy,p_selected,cal_mean,cal_sd,unit_fdp,unit_yield,go_yield,total_calls,genes_with_calls,term_fdp,unit_fdp_direct,go_yield_direct,n_relaxed_eval
Sanger,0,0.1,0.1,GoCo-dense-learned (tie-level path),global_436.673,0.08100729287242026,0.0957718685259346,0.2857681205793748,0.09725472653766495,168,353.0,2035.0,534,0.8265356265356265,0.09932651208402862,306.0,0
Sanger,0,0.1,0.5,GoCo-dense-learned (tie-level path),adapt_398.143_to_394.825_q0.75,0.43842234133599545,0.09952400109083781,0.2902897270734266,0.10090716832629243,175,403.0,2391.0,549,0.8314512756168967,0.10299474956407259,349.0,117
Sanger,1,0.1,0.1,GoCo-dense-learned (tie-level path),adapt_441.762_to_438.694_q0.75,0.013860181823493306,0.09344565021387141,0.281410483498663,0.08681353060622499,145,319.0,1800.0,474,0.8227777777777778,0.08888317758398921,281.0,75
Sanger,1,0.1,0.5,GoCo-dense-learned (tie-level path),adapt_398.143_to_394.825_q0.15,0.4967679789628036,0.09997513115846465,0.2901088972788746,0.0963506024335026,158,357.0,1984.0,526,0.8200604838709677,0.09873129229863306,314.0,15
Sanger,2,0.1,0.1,GoCo-dense-learned (tie-level path),adapt_441.762_to_438.694_q0.75,0.006916415102567455,0.0926748204974652,0.2812415468763592,0.08824118832324414,159,335.0,1789.0,485,0.8127445500279485,0.089913551050498,305.0,78
Sanger,2,0.1,0.5,GoCo-dense-learned (tie-level path),global_422.273,0.47584997169249255,0.0998133822151139,0.2911751472912291,0.09278841189547855,160,347.0,1858.0,505,0.8132400430570506,0.09444362260526398,317.0,0
Sanger,3,0.1,0.1,GoCo-dense-learned (tie-level path),adapt_441.762_to_438.694_q0.75,0.0016733146884881109,0.09133204767890057,0.2792132852958149,0.09117150692830293,164,375.0,1921.0,502,0.8047891723060906,0.09330374694951839,328.0,78
Sanger,3,0.1,0.5,GoCo-dense-learned (tie-level path),adapt_398.143_to_394.825_q0.75,0.3485260196217598,0.09880847987529946,0.2892597601492044,0.09953009184504143,180,436.0,2334.0,544,0.8131962296486718,0.101839021418957,379.0,106
Sanger,4,0.1,0.1,GoCo-dense-learned (tie-level path),global_436.673,0.09306292771730601,0.09599573170016339,0.2862360585810114,0.09703353252282736,167,368.0,1963.0,531,0.8125318390219053,0.09884250363937817,328.0,0
Sanger,4,0.1,0.5,GoCo-dense-learned (tie-level path),adapt_398.143_to_394.825_q0.75,0.4659185377608502,0.09973673199825206,0.2908941500368634,0.10122737648572526,176,420.0,2326.0,552,0.819432502149613,0.10359442315803796,370.0,122
Sanger,5,0.1,0.1,GoCo-dense-learned (tie-level path),global_436.673,0.09922050398739662,0.09611717458068657,0.28535091234527993,0.09497579870472296,155,336.0,2003.0,518,0.8322516225661508,0.09676367113197772,299.0,0
Sanger,5,0.1,0.5,GoCo-dense-learned (tie-level path),adapt_398.143_to_394.825_q0.75,0.3637009180411944,0.09893523434746762,0.28868303622407776,0.09916897184838105,163,380.0,2343.0,538,0.8378147673922322,0.10097787013112632,339.0,100
Sanger,6,0.1,0.1,GoCo-dense-learned (tie-level path),adapt_441.762_to_438.694_q0.75,0.002136779511061388,0.09157123258174721,0.27880028272184576,0.09070483135416153,143,330.0,1847.0,490,0.8213318895506226,0.09248031744898233,294.0,65
Sanger,6,0.1,0.5,GoCo-dense-learned (tie-level path),adapt_398.143_to_394.825_q0.75,0.4026623088804613,0.09924632402456399,0.28900746622363566,0.10011309887900999,152,379.0,2239.0,535,0.8307280035730237,0.10187502388924795,336.0,87
Sanger,7,0.1,0.1,GoCo-dense-learned (tie-level path),adapt_441.762_to_438.694_q0.75,0.007822762070510657,0.09281637127549991,0.28088398969923034,0.08924857816864368,143,314.0,1857.0,482,0.8309100700053851,0.09057409679903028,283.0,87
Sanger,7,0.1,0.5,GoCo-dense-learned (tie-level path),adapt_407.561_to_404.949_q0.75,0.47777581989469164,0.09982865249368571,0.29054382455979333,0.09627736645676654,150,341.0,1985.0,518,0.8282115869017632,0.09763553979882734,308.0,8
Sanger,8,0.1,0.1,GoCo-dense-learned (tie-level path),adapt_441.762_to_438.694_q0.6,0.01603321843911756,0.09361442156633186,0.28153643491745184,0.0903683804184165,146,297.0,1879.0,491,0.8419372006386375,0.09163151710457924,267.0,85
Sanger,8,0.1,0.5,GoCo-dense-learned (tie-level path),global_422.273,0.4910515416704398,0.09993111978977771,0.2901978860981013,0.09485211873641874,149,311.0,1939.0,511,0.8396080453842186,0.09629078892217104,279.0,0
Sanger,9,0.1,0.1,GoCo-dense-learned (tie-level path),adapt_441.762_to_438.694_q0.75,0.003907065429029391,0.0921152732946042,0.2801430339237136,0.09048494234397457,155,336.0,1919.0,501,0.8249088066701407,0.09228009712722773,303.0,57
Sanger,9,0.1,0.5,GoCo-dense-learned (tie-level path),global_407.561,0.4720543368707376,0.09978448347498417,0.29053264587770095,0.09740531250317179,160,361.0,2058.0,534,0.8245869776482021,0.0994504236727786,325.0,0
Sanger,10,0.1,0.1,GoCo-dense-learned (tie-level path),adapt_441.762_to_438.694_q0.75,0.005695167530818134,0.0924991831814047,0.2801420492640754,0.09314067189864322,139,273.0,1819.0,497,0.8499175371083013,0.09519937641476464,237.0,69
Sanger,10,0.1,0.5,GoCo-dense-learned (tie-level path),adapt_398.143_to_394.825_q0.6,0.4504937100152808,0.09961871184538791,0.2896397159939185,0.10045870092654682,150,306.0,2146.0,534,0.8574091332712023,0.10270212395794581,266.0,71
Sanger,11,0.1,0.1,GoCo-dense-learned (tie-level path),adapt_441.762_to_438.694_q0.75,0.009988593492109926,0.09308808330451486,0.2807490303050627,0.08945946517543323,141,314.0,1856.0,484,0.8308189655172413,0.09138925335842445,273.0,69
Sanger,11,0.1,0.5,GoCo-dense-learned (tie-level path),adapt_411.276_to_410.208_q0.75,0.4715615674916234,0.09978103885603122,0.29005310004126145,0.09710299621971297,149,351.0,2007.0,521,0.8251121076233184,0.0990369460450575,307.0,20
Sanger,12,0.1,0.1,GoCo-dense-learned (tie-level path),adapt_441.762_to_438.694_q0.75,0.006680530145870375,0.0926566020928847,0.280525373079433,0.09430208114066556,148,337.0,2000.0,504,0.8315,0.09638990558942515,294.0,108
Sanger,12,0.1,0.5,GoCo-dense-learned (tie-level path),adapt_398.143_to_394.825_q0.75,0.4769269215611192,0.09982236710148065,0.29010816391985284,0.10155159872763635,159,397.0,2401.0,539,0.834652228238234,0.10399135120905527,342.0,124
Sanger,13,0.1,0.1,GoCo-dense-learned (tie-level path),adapt_441.762_to_438.694_q0.75,0.0027109406667418967,0.09177677274130676,0.2794737267587378,0.0942079992670762,156,355.0,1935.0,512,0.8165374677002584,0.09608429655315895,320.0,102
Sanger,13,0.1,0.5,GoCo-dense-learned (tie-level path),adapt_398.143_to_394.825_q0.4,0.49152571833129804,0.09993467663122409,0.2906146058054395,0.09978782616363795,167,394.0,2139.0,540,0.8158017765310893,0.10193101409634978,354.0,36
Sanger,14,0.1,0.1,GoCo-dense-learned (tie-level path),adapt_441.762_to_438.694_q0.75,0.04437900313760605,0.0948819964540229,0.2841966633280436,0.08569264032472287,133,262.0,1720.0,458,0.8476744186046512,0.08715205123149534,227.0,55
Sanger,14,0.1,0.5,GoCo-dense-learned (tie-level path),global_436.673,0.4999946182681083,0.09999995843990736,0.2911648010033391,0.09009113657514566,136,275.0,1806.0,478,0.8477297895902547,0.09183636841354818,236.0,0
Sanger,15,0.1,0.1,GoCo-dense-learned (tie-level path),adapt_441.762_to_438.694_q0.75,0.0015279095556135068,0.09126489486193315,0.2787068925907112,0.09321869072428209,147,305.0,1907.0,496,0.8400629260618773,0.0945212352282523,274.0,86
Sanger,15,0.1,0.5,GoCo-dense-learned (tie-level path),adapt_398.143_to_394.825_q0.6,0.49107002548300727,0.09993125096737564,0.2902448503243384,0.09980788720148008,157,357.0,2232.0,531,0.8400537634408602,0.10128914009683744,317.0,70
Sanger,16,0.1,0.1,GoCo-dense-learned (tie-level path),adapt_398.143_to_394.825_q0.75,0.05470418609497477,0.09519147021763537,0.2838793843904463,0.10423685398374133,161,383.0,2413.0,555,0.841276419394944,0.10613736433518293,341.0,107
Sanger,16,0.1,0.5,GoCo-dense-learned (tie-level path),adapt_398.143_to_394.825_q0.75,0.05470418609497477,0.09519147021763537,0.2838793843904463,0.10423685398374133,161,383.0,2413.0,555,0.841276419394944,0.10613736433518293,341.0,107
Sanger,17,0.1,0.1,GoCo-dense-learned (tie-level path),global_418.754,0.09711643264793873,0.09608102892973847,0.28531111010673194,0.10227196214580857,150,333.0,2052.0,537,0.8377192982456141,0.10417656321474847,290.0,0
Sanger,17,0.1,0.5,GoCo-dense-learned (tie-level path),adapt_398.143_to_394.825_q0.75,0.17981366747682842,0.09722082754801434,0.2867204169671726,0.10409818983158099,155,371.0,2381.0,545,0.8441831163376733,0.10621631808603998,317.0,107
Sanger,18,0.1,0.1,GoCo-dense-learned (tie-level path),adapt_441.762_to_438.694_q0.75,0.008386724988489982,0.0928809416938725,0.28132074062222523,0.09129524607407419,170,370.0,2017.0,506,0.8165592464055528,0.09341310206279242,325.0,67
Sanger,18,0.1,0.5,GoCo-dense-learned (tie-level path),global_410.208,0.4989182685519655,0.09999164413582355,0.29124320869777687,0.09940764043993272,178,400.0,2143.0,546,0.8133457769482034,0.10183003718682125,351.0,0
Sanger,19,0.1,0.1,GoCo-dense-learned (tie-level path),adapt_398.143_to_394.825_q0.3,0.09833684093320916,0.09609981944414996,0.2854984318878013,0.1029961581893624,177,417.0,2200.0,564,0.8104545454545454,0.10488472726417149,377.0,34
Sanger,19,0.1,0.5,GoCo-dense-learned (tie-level path),adapt_398.143_to_394.825_q0.75,0.11770760346558862,0.09640969887068866,0.28597528366817127,0.10356616768297663,178,430.0,2394.0,564,0.8203842940685045,0.1053490621478934,388.0,123
Sanger,20,0.1,0.1,GoCo-dense-learned (tie-level path),adapt_441.762_to_438.694_q0.75,0.002533248087025443,0.09170955815759145,0.2795527440555064,0.09380041189984005,164,353.0,2031.0,514,0.8261939931068439,0.09573003401748277,316.0,93
Sanger,20,0.1,0.5,GoCo-dense-learned (tie-level path),adapt_398.143_to_394.825_q0.75,0.46342905177092764,0.0997181885942076,0.2901330118005582,0.09959658604920378,175,408.0,2405.0,543,0.8303534303534303,0.10179563966670468,363.0,93
Sanger,21,0.1,0.1,GoCo-dense-learned (tie-level path),adapt_441.762_to_438.694_q0.75,0.02413152734833093,0.09409159236073333,0.2827273604224496,0.08800291549518688,160,362.0,1925.0,486,0.811948051948052,0.09033187964194833,310.0,81
Sanger,21,0.1,0.5,GoCo-dense-learned (tie-level path),global_433.874,0.45412178938004727,0.0996457723758037,0.29046896305051445,0.09313244510270981,161,365.0,1972.0,509,0.8149087221095335,0.09545994543148181,313.0,0
Sanger,22,0.1,0.1,GoCo-dense-learned (tie-level path),adapt_441.762_to_438.694_q0.75,0.0016588998874454868,0.0913235454420124,0.2792316827782698,0.09438985372577509,168,323.0,1958.0,515,0.8350357507660878,0.09668039586749616,284.0,92
Sanger,22,0.1,0.5,GoCo-dense-learned (tie-level path),adapt_407.561_to_404.949_q0.75,0.4773980970561693,0.09982547958402745,0.2909732929386087,0.09963966172526424,180,363.0,2098.0,548,0.82697807435653,0.102183085035904,321.0,11
Sanger,23,0.1,0.1,GoCo-dense-learned (tie-level path),global_436.673,0.09259861556627041,0.09599806548025755,0.2854658947478294,0.10021948783021224,152,331.0,2153.0,532,0.8462610311193683,0.10195542407729992,298.0,0
Sanger,23,0.1,0.5,GoCo-dense-learned (tie-level path),adapt_398.143_to_394.825_q0.75,0.416054852795874,0.09935033681230646,0.2896234812277449,0.10284876533411652,160,376.0,2467.0,545,0.8475881637616538,0.1047509442518433,336.0,93
Sanger,24,0.1,0.1,GoCo-dense-learned (tie-level path),adapt_441.762_to_438.694_q0.75,0.004299923086045348,0.09221361523124598,0.2800636751177983,0.0929109003348954,165,348.0,1946.0,510,0.8211716341212744,0.09482148897073837,309.0,71
Sanger,24,0.1,0.5,GoCo-dense-learned (tie-level path),adapt_398.143_to_394.825_q0.75,0.430324306463211,0.09946200242070034,0.28963923526342317,0.10126159016255702,177,405.0,2383.0,551,0.8300461603021402,0.10333044508603492,355.0,92
Sanger,25,0.1,0.1,GoCo-dense-learned (tie-level path),adapt_441.762_to_438.694_q0.75,0.015526251425876702,0.09356360216706364,0.2820902424804361,0.09199948614214996,153,330.0,1902.0,504,0.8264984227129337,0.09390580675169442,293.0,57
Sanger,25,0.1,0.5,GoCo-dense-learned (tie-level path),global_433.874,0.46564260934008483,0.09973480930469306,0.2906595633196226,0.09712539732389461,155,338.0,1990.0,527,0.8301507537688442,0.09914290820230695,299.0,0
Sanger,26,0.1,0.1,GoCo-dense-learned (tie-level path),global_411.276,0.08529798996804433,0.09586525341746949,0.285174274781438,0.10031166468128512,150,342.0,2086.0,533,0.8360498561840843,0.1022446791375471,303.0,0
Sanger,26,0.1,0.5,GoCo-dense-learned (tie-level path),adapt_398.143_to_394.825_q0.75,0.17893976328789063,0.0972107528782697,0.2867151564419503,0.1016267795278404,158,365.0,2341.0,540,0.8440837249038873,0.10389272244553283,320.0,90
Sanger,27,0.1,0.1,GoCo-dense-learned (tie-level path),adapt_441.762_to_438.694_q0.75,0.0016559904134102784,0.0913376159101818,0.27872718750964676,0.09158505680913487,162,378.0,2023.0,504,0.8131487889273357,0.09373340850647993,328.0,68
Sanger,27,0.1,0.5,GoCo-dense-learned (tie-level path),adapt_398.143_to_394.825_q0.75,0.40658090728422774,0.09927628187323385,0.2893942606007324,0.1006141833802487,172,425.0,2476.0,545,0.8283521809369951,0.1030156010409352,364.0,133
Sanger,28,0.1,0.1,GoCo-dense-learned (tie-level path),global_424.543,0.09429783830105143,0.09602628661460584,0.2856468418072755,0.1001250256482858,150,325.0,2056.0,531,0.8419260700389105,0.102048151637245,284.0,0
Sanger,28,0.1,0.5,GoCo-dense-learned (tie-level path),adapt_398.143_to_394.825_q0.75,0.2671824847818436,0.09810527020367175,0.2881911711325784,0.10119882773311782,161,367.0,2356.0,539,0.8442275042444821,0.10312100431953806,320.0,84
Sanger,29,0.1,0.1,GoCo-dense-learned (tie-level path),adapt_441.762_to_438.694_q0.75,0.005913103691189047,0.09253688314258118,0.2801958326509755,0.09176954439479319,143,304.0,1978.0,489,0.846309403437816,0.09379620958549312,264.0,91
Sanger,29,0.1,0.5,GoCo-dense-learned (tie-level path),adapt_398.143_to_394.825_q0.75,0.41950121148159425,0.0993776489641439,0.28950156220687406,0.10027015599998888,154,341.0,2289.0,529,0.8510266491917868,0.10255612909526868,293.0,66
Sanger,30,0.1,0.1,GoCo-dense-learned (tie-level path),global_441.762,0.017970738839838084,0.09374395529024279,0.2818732271105879,0.09257161854562941,134,304.0,1661.0,499,0.8169777242624925,0.09466088167897531,267.0,0
Sanger,30,0.1,0.5,GoCo-dense-learned (tie-level path),global_433.874,0.4768415619956981,0.09982164079499416,0.29021947810270055,0.09818182279254661,140,322.0,1908.0,525,0.8312368972746331,0.10019933031027155,282.0,0
Sanger,31,0.1,0.1,GoCo-dense-learned (tie-level path),global_407.561,0.08930039755364094,0.09592182558251773,0.2865453939445362,0.1066721674542945,197,466.0,2420.0,584,0.8074380165289257,0.10918876841447388,408.0,0
Sanger,31,0.1,0.5,GoCo-dense-learned (tie-level path),adapt_398.143_to_394.825_q0.75,0.1326272105207122,0.09661552864529335,0.2871160717791702,0.10761275404578227,204,489.0,2729.0,586,0.8208134847929645,0.11010241722406491,425.0,111
Sanger,32,0.1,0.1,GoCo-dense-learned (tie-level path),adapt_441.762_to_438.694_q0.75,0.005615342052296395,0.0924876359576235,0.28002577365219583,0.09108010112304837,148,317.0,1894.0,496,0.8326293558606125,0.09273325883995112,281.0,86
Sanger,32,0.1,0.5,GoCo-dense-learned (tie-level path),global_422.273,0.4941127784450063,0.09995465923185792,0.29036692991170593,0.09581242368910108,150,329.0,1959.0,518,0.8320571720265442,0.09746558140600382,293.0,0
Sanger,33,0.1,0.1,GoCo-dense-learned (tie-level path),adapt_411.276_to_410.208_q0.5,0.08054858664491799,0.09577315791847457,0.28505656436753923,0.10002665185981742,152,351.0,2192.0,531,0.8398722627737226,0.10145678900324083,314.0,9
Sanger,33,0.1,0.5,GoCo-dense-learned (tie-level path),adapt_398.143_to_394.825_q0.75,0.2199493434175851,0.09765157157591091,0.2873621000803228,0.1003549980589951,163,379.0,2482.0,540,0.8473005640612409,0.10215928881259141,338.0,104
Sanger,34,0.1,0.1,GoCo-dense-learned (tie-level path),adapt_441.762_to_438.694_q0.75,0.006409124742163354,0.09260717625748507,0.28073613464256725,0.08962894245264645,145,309.0,1856.0,483,0.8335129310344828,0.09149283649606374,266.0,76
Sanger,34,0.1,0.5,GoCo-dense-learned (tie-level path),adapt_411.276_to_410.208_q0.75,0.4406040938546416,0.09954116583717974,0.2901814473183767,0.09527721071296684,150,337.0,1973.0,509,0.8291941206284845,0.09724242681218155,291.0,9
Sanger,35,0.1,0.1,GoCo-dense-learned (tie-level path),global_398.813,0.09983457183530303,0.09612961788109158,0.2852151588961119,0.09982076825580298,181,404.0,2148.0,555,0.8119180633147114,0.10125130300826214,369.0,0
Sanger,35,0.1,0.5,GoCo-dense-learned (tie-level path),adapt_398.143_to_394.825_q0.75,0.15214595079276727,0.09689117460588784,0.2860123502290342,0.10040540214949199,184,430.0,2424.0,555,0.8226072607260726,0.10181250546507178,390.0,115
Sanger,36,0.1,0.1,GoCo-dense-learned (tie-level path),adapt_441.762_to_438.694_q0.75,0.0167523940241425,0.09365213328227567,0.2821906672793701,0.08998430260485257,147,311.0,1919.0,487,0.8379364252214695,0.09120704938489672,284.0,75
Sanger,36,0.1,0.5,GoCo-dense-learned (tie-level path),global_422.273,0.4787262440790101,0.09983595127329077,0.2906077098592911,0.09687767547762807,150,324.0,2008.0,519,0.8386454183266933,0.09813277263523884,295.0,0
Sanger,37,0.1,0.1,GoCo-dense-learned (tie-level path),global_424.543,0.09642100964941575,0.09606078741725817,0.2858908288237469,0.09882435302384623,166,366.0,2130.0,537,0.828169014084507,0.10047738890832109,324.0,0
Sanger,37,0.1,0.5,GoCo-dense-learned (tie-level path),adapt_398.143_to_394.825_q0.75,0.23909310473146167,0.09784017150585181,0.2878133388686088,0.10044461585839945,173,405.0,2444.0,545,0.8342880523731587,0.10243990123271943,352.0,107
Sanger,38,0.1,0.1,GoCo-dense-learned (tie-level path),adapt_441.762_to_438.694_q0.75,0.004277930413259162,0.09220136144184714,0.2803183583073742,0.09037473922280422,148,345.0,1886.0,495,0.8170731707317073,0.09252317619884401,305.0,62
Sanger,38,0.1,0.5,GoCo-dense-learned (tie-level path),adapt_398.143_to_394.825_q0.4,0.4951983761378775,0.09996296472904184,0.2908046369374136,0.0989710735280196,161,405.0,2172.0,539,0.81353591160221,0.10121479009727614,356.0,35
Sanger,39,0.1,0.1,GoCo-dense-learned (tie-level path),adapt_441.762_to_438.694_q0.75,0.0021963859225233593,0.09157962477159137,0.2793776360338512,0.0917187941735162,147,329.0,1950.0,490,0.8312820512820512,0.09392824659889516,286.0,91
Sanger,39,0.1,0.5,GoCo-dense-learned (tie-level path),adapt_398.143_to_394.825_q0.6,0.4655237446463216,0.09973418699102822,0.2903346800888497,0.098056969837539,160,382.0,2301.0,524,0.8339852238157323,0.10052309050605385,329.0,76
Sanger,40,0.1,0.1,GoCo-dense-learned (tie-level path),adapt_441.762_to_438.694_q0.75,0.0025543489843489484,0.09171695621209565,0.27957026015583153,0.09200572992892976,167,366.0,1843.0,511,0.8014107433532285,0.09370805241693174,330.0,50
Sanger,40,0.1,0.5,GoCo-dense-learned (tie-level path),adapt_398.143_to_394.825_q0.4,0.49941137828104837,0.0999954615907716,0.29070442095190074,0.10018690375638302,178,406.0,2226.0,549,0.8176100628930818,0.10202284192318078,367.0,84
Sanger,41,0.1,0.1,GoCo-dense-learned (tie-level path),adapt_441.762_to_438.694_q0.75,0.0010811203352937672,0.09096549486218415,0.27839790980586987,0.09620220445572061,160,340.0,2024.0,521,0.8320158102766798,0.09831235373407302,297.0,80
Sanger,41,0.1,0.5,GoCo-dense-learned (tie-level path),adapt_398.143_to_394.825_q0.6,0.48043870276787703,0.09984924172272716,0.29046499509672813,0.10198779680493965,173,393.0,2410.0,550,0.8369294605809129,0.10418364207061113,340.0,79
Sanger,42,0.1,0.1,GoCo-dense-learned (tie-level path),adapt_441.762_to_438.694_q0.75,0.018990407485516846,0.09380916937304835,0.2819630897788635,0.08659239889926633,142,277.0,1834.0,471,0.8489640130861504,0.08831878935236145,248.0,82
Sanger,42,0.1,0.5,GoCo-dense-learned (tie-level path),global_424.543,0.4898985922185993,0.09992221904859327,0.290288182653676,0.09266168664043721,142,281.0,1912.0,497,0.8530334728033473,0.0943064430859962,252.0,0
Sanger,43,0.1,0.1,GoCo-dense-learned (tie-level path),global_429.741,0.09426298134859651,0.0960227701140662,0.28585453099756664,0.1031559487005898,166,370.0,2080.0,555,0.8221153846153846,0.10491096584286962,337.0,0
Sanger,43,0.1,0.5,GoCo-dense-learned (tie-level path),adapt_398.143_to_394.825_q0.75,0.27211430360559985,0.09814958637217422,0.28837778518166524,0.10531274937635574,172,406.0,2393.0,565,0.8303384872544922,0.10768110034246861,361.0,108
Sanger,44,0.1,0.1,GoCo-dense-learned (tie-level path),adapt_411.276_to_410.208_q0.75,0.09571737137660985,0.09605507350760728,0.2854005979459869,0.10364012572693264,172,366.0,2156.0,561,0.8302411873840445,0.10575777142071911,326.0,12
Sanger,44,0.1,0.5,GoCo-dense-learned (tie-level path),adapt_398.143_to_394.825_q0.75,0.35119548872056566,0.09883141588541461,0.28904342780616027,0.10643500208787929,179,398.0,2492.0,574,0.8402889245585875,0.10866209927024392,349.0,134
Sanger,45,0.1,0.1,GoCo-dense-learned (tie-level path),adapt_441.762_to_438.694_q0.75,0.004721798611274387,0.09231350710052467,0.2798794050618431,0.09048262452425107,152,321.0,1873.0,489,0.8286171916711158,0.0920853211691505,280.0,74
Sanger,45,0.1,0.5,GoCo-dense-learned (tie-level path),adapt_411.276_to_410.208_q0.75,0.46899646547416296,0.09976131938301123,0.28996962459924014,0.09620953873383906,158,352.0,2008.0,517,0.8247011952191236,0.09791187309938476,308.0,15
Sanger,46,0.1,0.1,GoCo-dense-learned (tie-level path),adapt_441.762_to_438.694_q0.75,0.008687615915458174,0.09293187593318025,0.2808305561491051,0.09094383514675021,159,340.0,1948.0,496,0.8254620123203286,0.0925828642534115,307.0,103
Sanger,46,0.1,0.5,GoCo-dense-learned (tie-level path),adapt_398.143_to_394.825_q0.75,0.4507070409669029,0.09962023592454353,0.2897369177016065,0.10034148805218875,172,392.0,2350.0,542,0.8331914893617022,0.10249754551209901,349.0,108
Sanger,47,0.1,0.1,GoCo-dense-learned (tie-level path),global_441.762,0.004899365795455713,0.09233692876804425,0.28039978718620046,0.09694775441392404,143,319.0,1853.0,520,0.827846735024285,0.09821377406261803,296.0,0
Sanger,47,0.1,0.5,GoCo-dense-learned (tie-level path),adapt_398.143_to_394.825_q0.6,0.4897495382719462,0.09992114249141398,0.29002554539279407,0.10589403398626997,156,362.0,2397.0,562,0.8489778890279516,0.10728826340942874,336.0,93
Sanger,48,0.1,0.1,GoCo-dense-learned (tie-level path),global_410.208,0.09928384096944887,0.09610760402296405,0.28613499881394516,0.1028156620157259,171,352.0,2098.0,556,0.8322211630123928,0.10455659678641786,311.0,0
Sanger,48,0.1,0.5,GoCo-dense-learned (tie-level path),adapt_398.143_to_394.825_q0.75,0.12123505153401487,0.09646040040197204,0.2862037202231478,0.10366880930417863,176,380.0,2385.0,559,0.8406708595387841,0.10546474088680037,333.0,102
Sanger,49,0.1,0.1,GoCo-dense-learned (tie-level path),adapt_441.762_to_438.694_q0.75,0.005048487389523575,0.09238430466277686,0.2797886878815383,0.0927273795158839,140,302.0,2010.0,489,0.8497512437810946,0.09363468440222447,275.0,79
Sanger,49,0.1,0.5,GoCo-dense-learned (tie-level path),adapt_398.143_to_394.825_q0.35,0.4982556866206266,0.09998657757252041,0.2901279661022502,0.10048483076181017,149,340.0,2210.0,529,0.8461538461538461,0.10227905842251367,303.0,21
Sanger,50,0.1,0.1,GoCo-dense-learned (tie-level path),adapt_441.762_to_438.694_q0.75,0.0035044492547593197,0.09202343358108135,0.27957775613918795,0.09297222835820039,141,310.0,2011.0,495,0.8458478368970661,0.09532785952958922,268.0,95
Sanger,50,0.1,0.5,GoCo-dense-learned (tie-level path),adapt_398.143_to_394.825_q0.75,0.466408580595482,0.09974146046268262,0.2898470483969875,0.1021427337192875,152,364.0,2456.0,540,0.8517915309446255,0.10504771197362817,309.0,131
Sanger,51,0.1,0.1,GoCo-dense-learned (tie-level path),adapt_441.762_to_438.694_q0.75,0.04675498617302841,0.09496799029953748,0.28355656496825943,0.0856634745472356,150,328.0,1788.0,469,0.8165548098434005,0.08839291257393721,280.0,67
Sanger,51,0.1,0.5,GoCo-dense-learned (tie-level path),global_433.874,0.48491188885115744,0.09988380163787888,0.29029929515159314,0.092414575571576,151,339.0,1869.0,500,0.8186195826645265,0.09512504227083982,290.0,0
Sanger,52,0.1,0.1,GoCo-dense-learned (tie-level path),adapt_441.762_to_438.694_q0.75,0.006764680104651072,0.09266045489721751,0.28088629927171876,0.090298812039622,156,326.0,1977.0,494,0.8351036924633283,0.09233697821685474,288.0,97
Sanger,52,0.1,0.5,GoCo-dense-learned (tie-level path),global_407.561,0.4920497965302315,0.09993862170197212,0.29106653269019117,0.09619108027333241,162,351.0,2082.0,523,0.8314121037463977,0.09826281756529749,311.0,0
Sanger,53,0.1,0.1,GoCo-dense-learned (tie-level path),adapt_422.273_to_421.147_q0.75,0.09464683592534717,0.09603482989808715,0.28548292020991534,0.1013109866141739,157,367.0,2108.0,541,0.8259013282732448,0.1030523659701043,325.0,8
Sanger,53,0.1,0.5,GoCo-dense-learned (tie-level path),adapt_398.143_to_394.825_q0.75,0.19755198064633922,0.09741838594529055,0.286908588059947,0.10273046072693448,163,388.0,2316.0,551,0.8324697754749568,0.10472009333824657,340.0,65
Sanger,54,0.1,0.1,GoCo-dense-learned (tie-level path),adapt_441.762_to_438.694_q0.75,0.051459741016950215,0.09509543795764205,0.2842218274410828,0.0878044972394375,155,293.0,1843.0,472,0.8410200759631037,0.08976027316101988,255.0,98
Sanger,54,0.1,0.5,GoCo-dense-learned (tie-level path),global_435.669,0.48706132914906725,0.09990016809938683,0.29086263869463264,0.09225458523460892,156,298.0,1892.0,492,0.8424947145877378,0.09420076269251769,260.0,0
Sanger,55,0.1,0.1,GoCo-dense-learned (tie-level path),adapt_441.762_to_438.694_q0.6,0.04036601165277679,0.09475299516635202,0.2839413020796595,0.08738047602729328,154,330.0,1837.0,480,0.8203592814371258,0.08948028507451594,294.0,62
Sanger,55,0.1,0.5,GoCo-dense-learned (tie-level path),global_435.669,0.49488174849019223,0.0999604774146031,0.2911362152023047,0.09238803038938849,156,339.0,1938.0,502,0.8250773993808049,0.09443015976822523,303.0,0
Sanger,56,0.1,0.1,GoCo-dense-learned (tie-level path),adapt_441.762_to_438.694_q0.75,0.01570663822165512,0.09357882185309017,0.28202499468676406,0.08754453863969441,148,296.0,1874.0,479,0.8420490928495198,0.08935674927536344,260.0,86
Sanger,56,0.1,0.5,GoCo-dense-learned (tie-level path),global_422.273,0.47997993980952514,0.09984566415778949,0.29053833000520884,0.09310432881083494,152,314.0,1960.0,506,0.8397959183673469,0.09495200043229213,276.0,0
Sanger,57,0.1,0.1,GoCo-dense-learned (tie-level path),global_436.673,0.0997739116448173,0.09613261596235896,0.28491732700106664,0.09735320555870103,163,368.0,2005.0,533,0.8164588528678304,0.09914603320441615,335.0,0
Sanger,57,0.1,0.5,GoCo-dense-learned (tie-level path),adapt_398.143_to_394.825_q0.75,0.45291814656066837,0.09963800505043892,0.28921544427754947,0.10001127712870765,173,414.0,2335.0,550,0.8226980728051392,0.10214976981065307,374.0,107
Sanger,58,0.1,0.1,GoCo-dense-learned (tie-level path),adapt_441.762_to_438.694_q0.75,0.03800323499916574,0.09468673794554106,0.2830075828832013,0.08855353116254924,153,311.0,1885.0,483,0.8350132625994695,0.09077047341214316,270.0,79
Sanger,58,0.1,0.5,GoCo-dense-learned (tie-level path),adapt_433.874_to_430.718_q0.35,0.49080874771712196,0.099929208891025,0.29036885102475773,0.09490171545430233,156,318.0,1952.0,512,0.8370901639344263,0.09722317430834221,276.0,1
Sanger,59,0.1,0.1,GoCo-dense-learned (tie-level path),adapt_441.762_to_438.694_q0.75,0.01079028110230745,0.09315402548554975,0.2815930476545062,0.08653829250263607,157,308.0,1825.0,477,0.8312328767123288,0.08798518381754201,278.0,82
Sanger,59,0.1,0.5,GoCo-dense-learned (tie-level path),adapt_407.561_to_404.949_q0.75,0.48490641298417697,0.09988355353154306,0.290813547020572,0.09468421052311196,160,337.0,1962.0,515,0.8282364933741081,0.09611247074096761,304.0,7
Sanger,60,0.1,0.1,GoCo-dense-learned (tie-level path),adapt_441.762_to_438.694_q0.75,0.008443712178365304,0.0928955698611888,0.2810349033394055,0.09257143899748334,158,319.0,1999.0,502,0.8404202101050525,0.09424509400416328,281.0,98
Sanger,60,0.1,0.5,GoCo-dense-learned (tie-level path),global_411.276,0.42548271904827306,0.09942342800726764,0.2900225522919341,0.09734435778315631,163,334.0,2072.0,525,0.8388030888030888,0.0990926020456455,295.0,0
Sanger,61,0.1,0.1,GoCo-dense-learned (tie-level path),adapt_441.762_to_438.694_q0.75,0.020050757583552143,0.0938630409078298,0.2825541819082319,0.09526260369368657,156,309.0,2013.0,507,0.8464977645305514,0.09706782036505782,272.0,105
Sanger,61,0.1,0.5,GoCo-dense-learned (tie-level path),adapt_398.143_to_394.825_q0.75,0.4670776738107899,0.09974624705031694,0.29027602772504224,0.10116518947472097,169,361.0,2396.0,538,0.8493322203672788,0.10339853736547981,313.0,113
Sanger,62,0.1,0.1,GoCo-dense-learned (tie-level path),global_436.673,0.09647456787562397,0.0960625254295089,0.2858334757347451,0.09602865159912045,157,328.0,1959.0,515,0.8325676365492598,0.09829514148120518,282.0,0
Sanger,62,0.1,0.5,GoCo-dense-learned (tie-level path),adapt_398.143_to_394.825_q0.75,0.4248057154809797,0.09941847347293635,0.2898497614885301,0.09937344726095808,166,373.0,2227.0,533,0.8325101032779524,0.10201480689668174,319.0,83
Sanger,63,0.1,0.1,GoCo-dense-learned (tie-level path),adapt_441.762_to_438.694_q0.75,0.001588343338317488,0.09129708684376948,0.278805875911251,0.09064248268641657,149,315.0,1854.0,487,0.8300970873786407,0.09217894036919379,277.0,71
Sanger,63,0.1,0.5,GoCo-dense-learned (tie-level path),adapt_398.143_to_394.825_q0.75,0.480040697281531,0.09984628356863072,0.29025389283125996,0.0993591814265406,162,368.0,2264.0,531,0.8374558303886925,0.10123771988397749,318.0,115
Sanger,64,0.1,0.1,GoCo-dense-learned (tie-level path),adapt_411.276_to_410.208_q0.75,0.07735885263844122,0.09570526170673202,0.2852244405947564,0.10060698538851764,169,389.0,2201.0,545,0.8232621535665606,0.10269389876392894,341.0,11
Sanger,64,0.1,0.5,GoCo-dense-learned (tie-level path),adapt_398.143_to_394.825_q0.75,0.20956847023968644,0.09754498048689245,0.2871846542611332,0.10237401021354543,176,420.0,2532.0,553,0.8341232227488151,0.1044424395912305,364.0,136
Sanger,65,0.1,0.1,GoCo-dense-learned (tie-level path),global_422.273,0.09009173998969572,0.09596085355713449,0.28483770751166426,0.10144366794510891,145,330.0,2144.0,534,0.8460820895522388,0.10335204093013071,288.0,0
Sanger,65,0.1,0.5,GoCo-dense-learned (tie-level path),adapt_398.143_to_394.825_q0.75,0.24943200744803218,0.09794504569649055,0.2871779702773598,0.10273876796577705,155,366.0,2437.0,546,0.8498153467377924,0.105017774643049,317.0,80
Sanger,66,0.1,0.1,GoCo-dense-learned (tie-level path),global_435.669,0.08399128278076473,0.09583189271880915,0.2857187005261156,0.0997396237872883,172,340.0,2078.0,542,0.836381135707411,0.10218093011774382,295.0,0
Sanger,66,0.1,0.5,GoCo-dense-learned (tie-level path),adapt_398.143_to_394.825_q0.75,0.2852202629665813,0.09826880028121844,0.288356689294261,0.10249235431130763,181,387.0,2436.0,556,0.8411330049261084,0.10488559330030359,336.0,123
Sanger,67,0.1,0.1,GoCo-dense-learned (tie-level path),adapt_441.762_to_438.694_q0.75,0.006321465574715512,0.09259769612271797,0.2805446150424044,0.09320212930674515,165,338.0,2086.0,510,0.837967401725791,0.09618553007970598,287.0,105
Sanger,67,0.1,0.5,GoCo-dense-learned (tie-level path),adapt_398.143_to_394.825_q0.1,0.49260466139862163,0.09994302189041829,0.2904755084164398,0.09964987925959862,173,369.0,2216.0,544,0.8334837545126353,0.10274088260908543,313.0,15
Sanger,68,0.1,0.1,GoCo-dense-learned (tie-level path),global_436.673,0.09306132119370508,0.09599856212668445,0.28603164410008736,0.09715626695989094,166,346.0,1938.0,530,0.8214654282765738,0.09951127596691768,307.0,0
Sanger,68,0.1,0.5,GoCo-dense-learned (tie-level path),adapt_398.143_to_394.825_q0.75,0.4130105200808812,0.09932591928944051,0.28983021111066715,0.1004811749379552,176,389.0,2272.0,549,0.8287852112676056,0.10306165091534879,344.0,96
Sanger,69,0.1,0.1,GoCo-dense-learned (tie-level path),adapt_441.762_to_438.694_q0.75,0.0192576689589069,0.09380594665160427,0.2828915722708985,0.08597712615235789,161,351.0,1906.0,475,0.8158447009443861,0.08842460202076133,306.0,84
Sanger,69,0.1,0.5,GoCo-dense-learned (tie-level path),global_424.543,0.4982793607384435,0.09998670266920336,0.2913786460580676,0.09167138902430838,162,360.0,1980.0,501,0.8181818181818182,0.09407524153807129,315.0,0
Sanger,70,0.1,0.1,GoCo-dense-learned (tie-level path),adapt_441.762_to_438.694_q0.75,0.020250323028402063,0.0938709146483725,0.28275582555325707,0.08770625758478115,165,344.0,1911.0,485,0.8199895342752486,0.09001199002028312,306.0,84
Sanger,70,0.1,0.5,GoCo-dense-learned (tie-level path),adapt_411.276_to_410.208_q0.75,0.4712174142703448,0.09977783979760442,0.2907659770829816,0.09559567348754153,170,365.0,2033.0,523,0.8204623708804722,0.09793098278235214,325.0,11
Sanger,71,0.1,0.1,GoCo-dense-learned (tie-level path),adapt_433.874_to_430.718_q0.75,0.07675838691546338,0.09570114674572981,0.28466649415416767,0.09869720540348387,156,328.0,2028.0,530,0.8382642998027613,0.10013875860182729,290.0,1
Sanger,71,0.1,0.5,GoCo-dense-learned (tie-level path),adapt_398.143_to_394.825_q0.75,0.299791397079069,0.09839994670215126,0.28803749871710815,0.10161982869514559,165,374.0,2378.0,545,0.8427249789739276,0.10362877142255811,328.0,122
Sanger,72,0.1,0.1,GoCo-dense-learned (tie-level path),adapt_441.762_to_438.694_q0.75,0.010150490495913843,0.09310763563495338,0.28068321737108276,0.09228380473637234,137,298.0,1868.0,490,0.8404710920770878,0.09388253822305301,269.0,71
Sanger,72,0.1,0.5,GoCo-dense-learned (tie-level path),global_407.561,0.4773112060667616,0.09982540442925689,0.2899825827610435,0.09958340074754375,142,330.0,2013.0,526,0.8360655737704918,0.10107948399604635,299.0,0
Sanger,73,0.1,0.1,GoCo-dense-learned (tie-level path),adapt_441.762_to_438.694_q0.75,0.03481104245495417,0.09457087866958619,0.2828004372030118,0.0880801401840479,133,266.0,1771.0,468,0.849802371541502,0.09024982381974997,225.0,68
Sanger,73,0.1,0.5,GoCo-dense-learned (tie-level path),global_436.673,0.41096572472438164,0.0993107918898487,0.2894166903152712,0.09322447264848605,133,268.0,1831.0,491,0.8536318951392682,0.09536367226621471,227.0,0
Sanger,74,0.1,0.1,GoCo-dense-learned (tie-level path),adapt_398.143_to_394.825_q0.6,0.09926805468320088,0.09611558252707811,0.28552840516948863,0.10455235115024036,181,405.0,2389.0,566,0.8304730012557555,0.10689689987584164,354.0,86
Sanger,74,0.1,0.5,GoCo-dense-learned (tie-level path),adapt_398.143_to_394.825_q0.75,0.1287270778857627,0.09657126577029675,0.2861522939737053,0.10474685275007335,181,409.0,2456.0,566,0.8334690553745928,0.10713577332915811,357.0,121
Sanger,75,0.1,0.1,GoCo-dense-learned (tie-level path),adapt_441.762_to_438.694_q0.75,0.043657008588470075,0.09486171218328449,0.2840290670241191,0.08627659992501557,151,295.0,1816.0,468,0.8375550660792952,0.08783201261570579,263.0,87
Sanger,75,0.1,0.5,GoCo-dense-learned (tie-level path),global_436.673,0.49719702197937315,0.09997835749842851,0.29111770257825803,0.09087195354706763,152,298.0,1866.0,489,0.8403001071811361,0.09242487775385046,266.0,0
Sanger,76,0.1,0.1,GoCo-dense-learned (tie-level path),adapt_441.762_to_438.694_q0.75,0.0017804149102074848,0.09138924482020358,0.2792084639415773,0.09276501291743318,171,369.0,1974.0,513,0.8130699088145896,0.09516509311463504,322.0,83
Sanger,76,0.1,0.5,GoCo-dense-learned (tie-level path),adapt_398.143_to_394.825_q0.75,0.432460477505678,0.09947781674847495,0.2901073748762789,0.10001953555581818,187,438.0,2427.0,550,0.8195302843016069,0.10312771630981334,376.0,111
Sanger,77,0.1,0.1,GoCo-dense-learned (tie-level path),adapt_441.762_to_438.694_q0.75,0.005451869048501492,0.0924186519627821,0.2814503757555421,0.0877410042826566,161,359.0,1756.0,485,0.7955580865603644,0.08922818594123054,324.0,66
Sanger,77,0.1,0.5,GoCo-dense-learned (tie-level path),global_411.276,0.4521325989893012,0.09962927588448095,0.2913059332784028,0.09328486854325216,167,377.0,1860.0,513,0.7973118279569893,0.09477283971306992,341.0,0
Sanger,78,0.1,0.1,GoCo-dense-learned (tie-level path),adapt_441.762_to_438.694_q0.75,0.05716016172898136,0.09525176740271918,0.28418774457314233,0.08928264096162354,154,336.0,1885.0,488,0.8217506631299735,0.09081036915704357,302.0,97
Sanger,78,0.1,0.5,GoCo-dense-learned (tie-level path),global_433.874,0.49038638397444223,0.09992588103898586,0.2906597760522355,0.09463481025359398,155,340.0,1932.0,513,0.8240165631469979,0.09615609846083074,306.0,0
Sanger,79,0.1,0.1,GoCo-dense-learned (tie-level path),adapt_441.762_to_438.694_q0.75,0.0022402468219930517,0.09159121045111222,0.2796114184069687,0.09133403322264168,173,345.0,2000.0,510,0.8275,0.09316668241114792,309.0,94
Sanger,79,0.1,0.5,GoCo-dense-learned (tie-level path),adapt_398.143_to_394.825_q0.4,0.4956768045501448,0.099966671676498,0.29065949893701654,0.09834031256088885,179,380.0,2217.0,544,0.828597203428056,0.1004622184349201,337.0,37
Sanger,80,0.1,0.1,GoCo-dense-learned (tie-level path),adapt_453.388_to_451.229_q0.75,4.514039898347331e-09,0.08370603051285172,0.26790513473722743,0.07484673176540639,146,313.0,1517.0,417,0.7936717205009888,0.07629407289847814,277.0,123
Sanger,80,0.1,0.5,GoCo-dense-learned (tie-level path),adapt_441.762_to_438.694_q0.75,0.16568138054975556,0.09704693517761544,0.2873171053724692,0.08428708799475385,155,335.0,1780.0,461,0.8117977528089888,0.0860544668233141,296.0,67
Sanger,81,0.1,0.1,GoCo-dense-learned (tie-level path),adapt_411.276_to_410.208_q0.75,0.0836278961431019,0.09583177619880216,0.2852384126070175,0.10078661972104101,160,364.0,1988.0,542,0.8169014084507042,0.10330382503093558,324.0,22
Sanger,81,0.1,0.5,GoCo-dense-learned (tie-level path),adapt_398.143_to_394.825_q0.75,0.14473382682298797,0.09679340440371194,0.2860906140196881,0.10201124072341876,165,383.0,2222.0,547,0.8276327632763276,0.10447849853909162,337.0,87
Sanger,82,0.1,0.1,GoCo-dense-learned (tie-level path),global_422.273,0.09916875194537744,0.0961159202772782,0.2853772658114596,0.10001667381200652,161,337.0,2043.0,540,0.8350465002447381,0.10221544480136902,296.0,0
Sanger,82,0.1,0.5,GoCo-dense-learned (tie-level path),adapt_398.143_to_394.825_q0.75,0.23708953878104438,0.09782265127038828,0.2875237711029923,0.10147622752630163,173,382.0,2376.0,552,0.8392255892255892,0.10415001454505514,332.0,108
Sanger,83,0.1,0.1,GoCo-dense-learned (tie-level path),global_436.673,0.09309172582364128,0.09601402494420773,0.2849656896035047,0.09352615174294052,156,344.0,2016.0,507,0.8293650793650794,0.09539093172296564,303.0,0
Sanger,83,0.1,0.5,GoCo-dense-learned (tie-level path),adapt_398.143_to_394.825_q0.75,0.4372664519849014,0.09951667530329517,0.2892822661168475,0.0967925175073299,165,383.0,2318.0,524,0.8347713546160483,0.09884447034569363,332.0,92
Sanger,84,0.1,0.1,GoCo-dense-learned (tie-level path),adapt_441.762_to_438.694_q0.75,0.009333827073602736,0.09300555129470016,0.28104230053775375,0.09088631505595075,150,308.0,1884.0,489,0.8365180467091295,0.09300918446275983,263.0,59
Sanger,84,0.1,0.5,GoCo-dense-learned (tie-level path),adapt_411.276_to_410.208_q0.75,0.44826840982730776,0.0996007634484469,0.2901591713138611,0.0979161862029474,154,325.0,2023.0,521,0.8393475037073653,0.09993304244481437,280.0,2
Sanger,85,0.1,0.1,GoCo-dense-learned (tie-level path),adapt_441.762_to_438.694_q0.75,0.002056593383210019,0.09152621603864915,0.2791055589378358,0.09056272773699958,160,327.0,1966.0,496,0.8336724313326551,0.09216011397515539,292.0,78
Sanger,85,0.1,0.5,GoCo-dense-learned (tie-level path),adapt_398.143_to_394.825_q0.75,0.4418882601820372,0.09955169234309717,0.2898358608709048,0.09785694753269332,177,389.0,2333.0,537,0.8332618945563652,0.09987756210105016,345.0,80
Sanger,86,0.1,0.1,GoCo-dense-learned (tie-level path),global_436.673,0.09309956205672654,0.09600885860218203,0.2853452003860775,0.09654482465241551,147,324.0,1966.0,519,0.8351983723296033,0.0983073233723774,290.0,0
Sanger,86,0.1,0.5,GoCo-dense-learned (tie-level path),adapt_398.143_to_394.825_q0.75,0.36136317224898296,0.0989160742385474,0.2887147077963851,0.10123708495100561,160,363.0,2313.0,543,0.8430609597924773,0.10302162280541918,324.0,110
Sanger,87,0.1,0.1,GoCo-dense-learned (tie-level path),adapt_441.762_to_438.694_q0.75,0.02097473103929313,0.09392030032971382,0.2824886589193394,0.09240421412506403,166,338.0,1870.0,511,0.8192513368983957,0.09405307310893048,301.0,107
Sanger,87,0.1,0.5,GoCo-dense-learned (tie-level path),adapt_398.143_to_394.825_q0.75,0.4330614181777009,0.09948333810582803,0.2896416821203772,0.09973441693110001,174,384.0,2166.0,545,0.8227146814404432,0.10176025384417574,337.0,78
Sanger,88,0.1,0.1,GoCo-dense-learned (tie-level path),global_436.673,0.08466562430639224,0.09585048200081295,0.28534668266840096,0.09506232456490815,155,325.0,1985.0,516,0.836272040302267,0.09684675016168251,298.0,0
Sanger,88,0.1,0.5,GoCo-dense-learned (tie-level path),adapt_398.143_to_394.825_q0.75,0.3943168913127715,0.09917886977939397,0.28947672393447105,0.09749468477549238,167,381.0,2296.0,534,0.8340592334494773,0.09984551675175499,343.0,85
Sanger,89,0.1,0.1,GoCo-dense-learned (tie-level path),global_433.874,0.09551009013527029,0.09604578408167813,0.28580561113821307,0.1006841357751496,175,377.0,2221.0,551,0.830256641152634,0.10304034462434314,326.0,0
Sanger,89,0.1,0.5,GoCo-dense-learned (tie-level path),adapt_398.143_to_394.825_q0.75,0.4162543872267289,0.09935204442999206,0.28956085726622327,0.10277843787381791,182,429.0,2617.0,562,0.8360718379824226,0.10529650409371161,367.0,133
Sanger,90,0.1,0.1,GoCo-dense-learned (tie-level path),adapt_441.762_to_438.694_q0.75,0.011375752008238092,0.09321154050605744,0.2816901094068112,0.08753581307703277,159,354.0,1943.0,483,0.817807514153371,0.08993659960596186,309.0,93
Sanger,90,0.1,0.5,GoCo-dense-learned (tie-level path),adapt_398.143_to_394.825_q0.4,0.4870292259538306,0.09989998721176874,0.29066820448642844,0.09455326166492027,167,392.0,2204.0,517,0.822141560798548,0.09717838210528268,341.0,51
Sanger,91,0.1,0.1,GoCo-dense-learned (tie-level path),adapt_441.762_to_438.694_q0.75,0.004174230109916599,0.09218476377878015,0.28002743041774436,0.09168857423148524,155,291.0,1960.0,495,0.851530612244898,0.09359697737258599,252.0,80
Sanger,91,0.1,0.5,GoCo-dense-learned (tie-level path),adapt_398.143_to_394.825_q0.275,0.491927546520828,0.09993775033771965,0.29072757929246484,0.09944527802315165,167,332.0,2216.0,535,0.8501805054151624,0.10153487886386649,288.0,30
Sanger,92,0.1,0.1,GoCo-dense-learned (tie-level path),adapt_441.762_to_438.694_q0.75,0.00918021384515209,0.09297926970029753,0.2813607233705946,0.09200436476897553,158,300.0,1780.0,504,0.8314606741573034,0.09380838459509885,269.0,82
Sanger,92,0.1,0.5,GoCo-dense-learned (tie-level path),adapt_407.561_to_404.949_q0.75,0.4960492434557941,0.09996951336063614,0.29094212695002386,0.09894674582550801,166,344.0,1941.0,540,0.8227717671303452,0.10128568386844665,305.0,2
Sanger,93,0.1,0.1,GoCo-dense-learned (tie-level path),global_418.754,0.09681121794423314,0.09607597647682733,0.28528801729029146,0.1012027872169405,154,300.0,2071.0,533,0.8551424432641236,0.10295571842025403,269.0,0
Sanger,93,0.1,0.5,GoCo-dense-learned (tie-level path),adapt_398.143_to_394.825_q0.75,0.2883641482127048,0.09830072872671,0.28772034539486296,0.10199560944871165,163,327.0,2379.0,540,0.862547288776797,0.10422837135506104,290.0,101
Sanger,94,0.1,0.1,GoCo-dense-learned (tie-level path),adapt_441.762_to_438.694_q0.75,0.021454003174098218,0.09393963609449649,0.28289996431508174,0.08581968031631738,154,315.0,1830.0,470,0.8278688524590164,0.08791072089287628,273.0,72
Sanger,94,0.1,0.5,GoCo-dense-learned (tie-level path),global_424.543,0.4966941581620788,0.09997445823723994,0.2913052070849059,0.09267557145566716,159,334.0,1931.0,502,0.8270326255825997,0.09490481815973562,288.0,0
Sanger,95,0.1,0.1,GoCo-dense-learned (tie-level path),adapt_441.762_to_438.694_q0.75,0.014912485856291943,0.09350849581949923,0.28240897169881946,0.09182627797794235,165,352.0,1996.0,505,0.8236472945891784,0.09340376698423473,321.0,89
Sanger,95,0.1,0.5,GoCo-dense-learned (tie-level path),global_411.276,0.45415167364497805,0.09964553872352751,0.2908508548924491,0.1000251125648601,171,371.0,2114.0,544,0.8245033112582781,0.10168116677381424,337.0,0
Sanger,96,0.1,0.1,GoCo-dense-learned (tie-level path),adapt_441.762_to_438.694_q0.75,0.000753622046747263,0.09067196543780988,0.2778148164859941,0.09550157553471483,171,343.0,2034.0,529,0.8313667649950836,0.09812703019160306,300.0,71
Sanger,96,0.1,0.5,GoCo-dense-learned (tie-level path),adapt_398.143_to_394.825_q0.75,0.46336785852203116,0.09971768607373362,0.29016347836172235,0.10292329891331385,185,399.0,2421.0,567,0.8351920693928129,0.10580294321792791,349.0,86
Sanger,97,0.1,0.1,GoCo-dense-learned (tie-level path),adapt_441.762_to_438.694_q0.75,0.06186880597137648,0.0953706816169135,0.2842337845047211,0.0855215738828879,145,325.0,1807.0,468,0.8201438848920863,0.08687910172600229,295.0,94
Sanger,97,0.1,0.5,GoCo-dense-learned (tie-level path),adapt_441.762_to_438.694_q0.75,0.06186880597137648,0.0953706816169135,0.2842337845047211,0.0855215738828879,145,325.0,1807.0,468,0.8201438848920863,0.08687910172600229,295.0,94
Sanger,98,0.1,0.1,GoCo-dense-learned (tie-level path),adapt_441.762_to_438.694_q0.75,0.015417587337265193,0.09356317105438215,0.28174408306002224,0.09008651716845299,142,303.0,1877.0,488,0.838572189664358,0.09175351465669485,267.0,72
Sanger,98,0.1,0.5,GoCo-dense-learned (tie-level path),adapt_411.276_to_410.208_q0.75,0.4673109015257249,0.09974827718505185,0.29001282680047746,0.09733555052275086,145,325.0,2006.0,520,0.8379860418743769,0.09901401286429547,287.0,7
Sanger,99,0.1,0.1,GoCo-dense-learned (tie-level path),adapt_441.762_to_438.694_q0.75,0.02015323258758348,0.09386908007386123,0.2825662191781264,0.092118675991776,160,375.0,2119.0,502,0.8230297310051912,0.09397679847338698,331.0,87
Sanger,99,0.1,0.5,GoCo-dense-learned (tie-level path),global_433.874,0.4601132415337357,0.09969195691335644,0.29069774097756385,0.0966433944654091,160,377.0,2195.0,522,0.828246013667426,0.09852081080366756,332.0,0
