dataset,alpha,delta,group,unit_fdp,exceed,genes,terms,calls,term_fdp,genes_with_calls
DRIVE,0.05,0.1,Boger,0.0413,0.0,44.94,90.03,317.5,0.7157,107.42
DRIVE,0.05,0.1,GoCo-dense-random1,0.0461,0.24,47.58,93.01,346.04,0.7285,118.15
DRIVE,0.05,0.1,GoCo-dense-source,0.0458,0.23,47.53,93.15,353.62,0.7331,117.55
DRIVE,0.05,0.1,GoCo-exp0,0.043,0.13,45.52,91.34,343.68,0.7309,110.45
DRIVE,0.05,0.1,GoCo-exp1,0.0446,0.16,45.6,92.67,383.44,0.7559,112.54
DRIVE,0.05,0.1,GoCo-oracle,0.0429,0.06,48.61,96.43,384.49,0.7466,111.88
DRIVE,0.05,0.1,GoCo-random,0.0452,0.19,46.7233,92.8133,359.74,0.7394,115.1967
DRIVE,0.05,0.1,GoCo-score,0.0452,0.2,47.22,92.77,346.44,0.7293,116.26
DRIVE,0.05,0.1,GoCo-source,0.0444,0.18,45.64,92.61,381.23,0.7546,112.39
DRIVE,0.05,0.1,GoDag,0.0414,0.01,44.94,90.07,318.63,0.7162,107.65
DRIVE,0.05,0.1,GoDag-cert60,0.0416,0.03,44.97,90.09,320.21,0.717,107.93
DRIVE,0.05,0.1,GoDag-dense,0.0454,0.16,47.64,92.8,333.86,0.7209,117.19
DRIVE,0.05,0.5,Boger,0.0444,0.31,46.21,92.3,350.44,0.7305,113.28
DRIVE,0.05,0.5,GoCo-dense-random1,0.0503,0.5,49.72,98.06,408.59,0.7559,126.11
DRIVE,0.05,0.5,GoCo-dense-source,0.05,0.46,49.74,98.53,417.29,0.7603,125.33
DRIVE,0.05,0.5,GoCo-exp0,0.0485,0.48,48.24,96.88,403.27,0.7558,121.51
DRIVE,0.05,0.5,GoCo-exp1,0.0484,0.47,48.87,98.19,420.44,0.7632,121.25
DRIVE,0.05,0.5,GoCo-oracle,0.0472,0.4,50.33,101.9,423.73,0.7558,120.32
DRIVE,0.05,0.5,GoCo-random,0.0493,0.47,48.8867,97.5967,406.7867,0.7565,123.4967
DRIVE,0.05,0.5,GoCo-score,0.0494,0.47,49.13,97.45,403.01,0.754,124.22
DRIVE,0.05,0.5,GoCo-source,0.0486,0.46,48.96,98.45,420.93,0.7629,121.67
DRIVE,0.05,0.5,GoDag,0.0466,0.53,47.33,94.36,376.44,0.7427,117.85
DRIVE,0.05,0.5,GoDag-cert60,0.0467,0.42,47.31,94.33,376.56,0.7425,117.96
DRIVE,0.05,0.5,GoDag-dense,0.049,0.53,49.02,96.16,387.39,0.7461,123.57
DRIVE,0.1,0.1,Boger,0.0913,0.13,90.05,227.88,1608.94,0.8569,205.52
DRIVE,0.1,0.1,GoCo-dense-random1,0.0947,0.26,96.76,252.47,1890.21,0.8652,211.24
DRIVE,0.1,0.1,GoCo-dense-source,0.0947,0.24,96.91,252.98,1905.06,0.866,211.17
DRIVE,0.1,0.1,GoCo-exp0,0.0929,0.15,94.32,244.11,1786.5,0.8621,208.35
DRIVE,0.1,0.1,GoCo-exp1,0.0943,0.25,98.34,256.61,1977.18,0.8689,210.09
DRIVE,0.1,0.1,GoCo-oracle,0.0914,0.09,102.43,270.32,2023.76,0.865,208.44
DRIVE,0.1,0.1,GoCo-random,0.0947,0.2367,96.1,248.2733,1840.17,0.864,211.29
DRIVE,0.1,0.1,GoCo-score,0.0945,0.25,96.28,250.25,1873.41,0.865,210.82
DRIVE,0.1,0.1,GoCo-source,0.0941,0.25,97.98,255.62,1964.78,0.8686,209.78
DRIVE,0.1,0.1,GoDag,0.0929,0.13,92.91,237.23,1717.7,0.8609,208.38
DRIVE,0.1,0.1,GoDag-cert60,0.0926,0.13,92.72,236.41,1705.76,0.8601,207.83
DRIVE,0.1,0.1,GoDag-dense,0.0948,0.27,97.04,253.06,1886.19,0.8646,211.55
DRIVE,0.1,0.5,Boger,0.0945,0.13,96.12,248.14,1834.22,0.8642,211.27
DRIVE,0.1,0.5,GoCo-dense-random1,0.1,0.5,104.63,285.96,2244.89,0.8719,220.7
DRIVE,0.1,0.5,GoCo-dense-source,0.0996,0.45,104.93,286.86,2262.17,0.8725,219.8
DRIVE,0.1,0.5,GoCo-exp0,0.0969,0.31,100.42,267.72,2050.34,0.8684,215.33
DRIVE,0.1,0.5,GoCo-exp1,0.0988,0.38,105.93,290.22,2333.72,0.875,218.11
DRIVE,0.1,0.5,GoCo-oracle,0.0954,0.29,108.42,299.08,2329.18,0.8707,215.18
DRIVE,0.1,0.5,GoCo-random,0.0998,0.46,103.7967,280.4,2185.0333,0.8709,220.4133
DRIVE,0.1,0.5,GoCo-score,0.0992,0.41,104.24,284.96,2229.56,0.8715,219.03
DRIVE,0.1,0.5,GoCo-source,0.0984,0.38,105.55,288.05,2311.73,0.8747,217.65
DRIVE,0.1,0.5,GoDag,0.0965,0.28,98.68,258.6,1954.11,0.8665,214.63
DRIVE,0.1,0.5,GoDag-cert60,0.0966,0.31,98.76,259.33,1959.66,0.8666,214.87
DRIVE,0.1,0.5,GoDag-dense,0.0991,0.36,103.27,282.16,2194.88,0.8707,219.05
DRIVE,0.2,0.1,Boger,0.1823,0.01,171.36,691.43,8200.29,0.9155,374.03
DRIVE,0.2,0.1,GoCo-dense-random1,0.1844,0.01,172.76,702.39,8371.31,0.9161,377.85
DRIVE,0.2,0.1,GoCo-dense-source,0.1844,0.01,172.76,702.39,8371.31,0.9161,377.85
DRIVE,0.2,0.1,GoCo-exp0,0.1841,0.01,172.64,701.15,8355.44,0.916,377.37
DRIVE,0.2,0.1,GoCo-exp1,0.1842,0.01,172.71,702.33,8369.91,0.9161,377.44
DRIVE,0.2,0.1,GoCo-oracle,0.1841,0.01,172.77,702.16,8366.21,0.916,377.39
DRIVE,0.2,0.1,GoCo-random,0.1843,0.01,172.72,702.0567,8366.9033,0.9161,377.7167
DRIVE,0.2,0.1,GoCo-score,0.1843,0.01,172.7,702.13,8367.3,0.9161,377.6
DRIVE,0.2,0.1,GoCo-source,0.1842,0.01,172.7,702.23,8369.07,0.9161,377.43
DRIVE,0.2,0.1,GoDag,0.1844,0.01,172.78,702.43,8371.71,0.9161,377.87
DRIVE,0.2,0.1,GoDag-cert60,0.1841,0.01,172.58,700.8,8349.71,0.916,377.37
DRIVE,0.2,0.1,GoDag-dense,0.1844,0.01,172.78,702.43,8371.71,0.9161,377.87
DRIVE,0.2,0.5,Boger,0.1844,0.01,172.78,702.43,8371.71,0.9161,377.87
DRIVE,0.2,0.5,GoCo-dense-random1,0.1844,0.01,172.78,702.43,8371.71,0.9161,377.87
DRIVE,0.2,0.5,GoCo-dense-source,0.1844,0.01,172.78,702.43,8371.71,0.9161,377.87
DRIVE,0.2,0.5,GoCo-exp0,0.1844,0.01,172.78,702.43,8371.71,0.9161,377.87
DRIVE,0.2,0.5,GoCo-exp1,0.1844,0.01,172.78,702.43,8371.71,0.9161,377.87
DRIVE,0.2,0.5,GoCo-oracle,0.1844,0.01,172.78,702.43,8371.71,0.9161,377.87
DRIVE,0.2,0.5,GoCo-random,0.1844,0.01,172.78,702.43,8371.71,0.9161,377.87
DRIVE,0.2,0.5,GoCo-score,0.1844,0.01,172.78,702.43,8371.71,0.9161,377.87
DRIVE,0.2,0.5,GoCo-source,0.1844,0.01,172.78,702.43,8371.71,0.9161,377.87
DRIVE,0.2,0.5,GoDag,0.1844,0.01,172.78,702.43,8371.71,0.9161,377.87
DRIVE,0.2,0.5,GoDag-cert60,0.1844,0.01,172.78,702.43,8371.71,0.9161,377.87
DRIVE,0.2,0.5,GoDag-dense,0.1844,0.01,172.78,702.43,8371.71,0.9161,377.87
HAP1,0.05,0.1,Boger,0.0436,0.0,61.75,96.01,468.57,0.7953,242.59
HAP1,0.05,0.1,GoCo-dense-random1,0.0469,0.2,62.5,100.24,511.43,0.8039,257.37
HAP1,0.05,0.1,GoCo-dense-source,0.0457,0.09,62.67,100.82,562.63,0.8205,251.82
HAP1,0.05,0.1,GoCo-exp0,0.0441,0.0,62.83,98.35,506.03,0.8058,245.06
HAP1,0.05,0.1,GoCo-exp1,0.0461,0.11,61.81,96.66,556.95,0.826,253.32
HAP1,0.05,0.1,GoCo-oracle,0.0457,0.1,65.46,104.96,593.78,0.823,252.7
HAP1,0.05,0.1,GoCo-random,0.0469,0.1733,62.02,96.7933,507.43,0.8091,256.9567
HAP1,0.05,0.1,GoCo-score,0.0467,0.2,63.1,101.42,509.38,0.8008,257.03
HAP1,0.05,0.1,GoCo-source,0.0457,0.08,62.1,96.97,556.45,0.8254,251.84
HAP1,0.05,0.1,GoDag,0.0436,0.0,61.78,96.07,469.02,0.7954,242.79
HAP1,0.05,0.1,GoDag-cert60,0.0436,0.0,61.78,96.07,469.02,0.7954,242.79
HAP1,0.05,0.1,GoDag-dense,0.0436,0.0,62.37,99.95,475.06,0.7899,242.79
HAP1,0.05,0.5,Boger,0.0436,0.0,61.78,96.07,469.02,0.7954,242.79
HAP1,0.05,0.5,GoCo-dense-random1,0.0497,0.45,63.17,101.2,543.98,0.8139,270.18
HAP1,0.05,0.5,GoCo-dense-source,0.0479,0.33,62.89,101.14,591.93,0.8286,261.73
HAP1,0.05,0.5,GoCo-exp0,0.0441,0.0,62.84,98.44,506.46,0.8058,245.06
HAP1,0.05,0.5,GoCo-exp1,0.0489,0.4,61.98,96.85,594.09,0.8366,266.07
HAP1,0.05,0.5,GoCo-oracle,0.0483,0.33,65.46,104.97,622.21,0.8311,263.63
HAP1,0.05,0.5,GoCo-random,0.0496,0.46,62.5733,97.9933,540.0233,0.8185,269.2967
HAP1,0.05,0.5,GoCo-score,0.0491,0.42,63.21,101.71,537.35,0.8107,267.88
HAP1,0.05,0.5,GoCo-source,0.0482,0.37,62.34,97.56,590.28,0.8341,263.06
HAP1,0.05,0.5,GoDag,0.0436,0.0,61.78,96.07,469.02,0.7954,242.79
HAP1,0.05,0.5,GoDag-cert60,0.0436,0.0,61.78,96.07,469.02,0.7954,242.79
HAP1,0.05,0.5,GoDag-dense,0.0436,0.0,62.37,99.95,475.06,0.7899,242.79
HAP1,0.1,0.1,Boger,0.0719,0.0,77.03,129.45,847.17,0.8473,377.44
HAP1,0.1,0.1,GoCo-dense-random1,0.0932,0.09,79.75,135.83,1110.32,0.8775,472.32
HAP1,0.1,0.1,GoCo-dense-source,0.089,0.04,79.37,136.1,1211.06,0.8875,451.24
HAP1,0.1,0.1,GoCo-exp0,0.0743,0.02,79.49,133.41,926.8,0.8552,387.66
HAP1,0.1,0.1,GoCo-exp1,0.0912,0.09,78.85,133.98,1227.11,0.8908,461.62
HAP1,0.1,0.1,GoCo-oracle,0.0922,0.07,82.83,139.71,1286.12,0.8913,467.55
HAP1,0.1,0.1,GoCo-random,0.0933,0.1033,79.9133,134.3267,1107.1633,0.8786,473.3067
HAP1,0.1,0.1,GoCo-score,0.0925,0.11,81.24,137.78,1161.27,0.8813,469.68
HAP1,0.1,0.1,GoCo-source,0.0887,0.04,79.18,134.35,1203.86,0.8884,450.34
HAP1,0.1,0.1,GoDag,0.0719,0.0,77.03,129.45,847.17,0.8473,377.44
HAP1,0.1,0.1,GoDag-cert60,0.0719,0.0,77.03,129.45,847.17,0.8473,377.44
HAP1,0.1,0.1,GoDag-dense,0.072,0.0,77.24,132.11,855.25,0.8456,377.44
HAP1,0.1,0.5,Boger,0.0719,0.0,77.03,129.45,847.17,0.8473,377.44
HAP1,0.1,0.5,GoCo-dense-random1,0.0969,0.3,80.17,136.26,1152.38,0.8816,489.15
HAP1,0.1,0.5,GoCo-dense-source,0.0956,0.36,79.93,136.77,1284.13,0.8932,481.38
HAP1,0.1,0.5,GoCo-exp0,0.082,0.22,80.34,135.21,1024.95,0.8651,422.19
HAP1,0.1,0.5,GoCo-exp1,0.0972,0.38,79.26,135.05,1291.77,0.8953,488.35
HAP1,0.1,0.5,GoCo-oracle,0.0953,0.2,82.83,139.71,1314.49,0.8937,481.4
HAP1,0.1,0.5,GoCo-random,0.0972,0.3367,80.49,135.1233,1155.9767,0.883,490.74
HAP1,0.1,0.5,GoCo-score,0.096,0.24,81.38,137.92,1196.89,0.8846,485.39
HAP1,0.1,0.5,GoCo-source,0.0958,0.36,79.85,135.65,1281.82,0.894,482.21
HAP1,0.1,0.5,GoDag,0.0719,0.0,77.03,129.45,847.17,0.8473,377.44
HAP1,0.1,0.5,GoDag-cert60,0.0719,0.0,77.03,129.45,847.17,0.8473,377.44
HAP1,0.1,0.5,GoDag-dense,0.072,0.0,77.24,132.11,855.25,0.8456,377.44
HAP1,0.2,0.1,Boger,0.1353,0.0,95.25,160.15,1709.02,0.9063,670.21
HAP1,0.2,0.1,GoCo-dense-random1,0.1881,0.03,101.54,172.04,2475.55,0.9305,907.6
HAP1,0.2,0.1,GoCo-dense-source,0.1895,0.05,100.11,170.01,2772.42,0.9387,910.21
HAP1,0.2,0.1,GoCo-exp0,0.1612,0.08,105.19,177.28,2561.87,0.9281,785.13
HAP1,0.2,0.1,GoCo-exp1,0.1849,0.04,104.99,178.86,3261.19,0.9451,889.44
HAP1,0.2,0.1,GoCo-oracle,0.1847,0.04,113.42,191.13,3420.34,0.944,891.52
HAP1,0.2,0.1,GoCo-random,0.1899,0.11,105.76,177.6833,2818.4833,0.9369,915.66
HAP1,0.2,0.1,GoCo-score,0.1895,0.08,102.26,172.37,2504.38,0.9311,913.42
HAP1,0.2,0.1,GoCo-source,0.1835,0.03,106.08,180.16,3273.19,0.9449,882.95
HAP1,0.2,0.1,GoDag,0.1353,0.0,95.25,160.15,1709.02,0.9063,670.21
HAP1,0.2,0.1,GoDag-cert60,0.1353,0.0,95.25,160.15,1709.02,0.9063,670.21
HAP1,0.2,0.1,GoDag-dense,0.1353,0.0,95.25,160.15,1709.02,0.9063,670.21
HAP1,0.2,0.5,Boger,0.1353,0.0,95.25,160.15,1709.02,0.9063,670.21
HAP1,0.2,0.5,GoCo-dense-random1,0.1934,0.26,101.85,172.66,2548.85,0.9322,931.18
HAP1,0.2,0.5,GoCo-dense-source,0.1907,0.05,100.2,170.12,2784.56,0.9389,915.6
HAP1,0.2,0.5,GoCo-exp0,0.18,0.18,109.45,184.94,2962.17,0.9357,869.66
HAP1,0.2,0.5,GoCo-exp1,0.1938,0.31,106.05,180.16,3384.74,0.9467,929.55
HAP1,0.2,0.5,GoCo-oracle,0.1891,0.05,113.42,191.13,3467.49,0.9448,911.24
HAP1,0.2,0.5,GoCo-random,0.1941,0.1967,106.56,179.2667,2901.52,0.9382,934.7667
HAP1,0.2,0.5,GoCo-score,0.1926,0.14,102.48,172.83,2546.35,0.9321,927.08
HAP1,0.2,0.5,GoCo-source,0.1902,0.11,106.62,180.99,3356.37,0.946,913.07
HAP1,0.2,0.5,GoDag,0.1353,0.0,95.25,160.15,1709.02,0.9063,670.21
HAP1,0.2,0.5,GoDag-cert60,0.1353,0.0,95.25,160.15,1709.02,0.9063,670.21
HAP1,0.2,0.5,GoDag-dense,0.1353,0.0,95.25,160.15,1709.02,0.9063,670.21
Sanger,0.05,0.1,Boger,0.045,0.07,106.6,198.2,653.21,0.696,280.67
Sanger,0.05,0.1,GoCo-dense-random1,0.0467,0.19,111.86,209.78,691.82,0.6962,290.5
Sanger,0.05,0.1,GoCo-dense-source,0.0466,0.18,111.76,209.86,693.82,0.6967,289.74
Sanger,0.05,0.1,GoCo-exp0,0.0461,0.15,110.56,206.52,682.12,0.6966,287.05
Sanger,0.05,0.1,GoCo-exp1,0.0463,0.12,110.95,208.11,690.24,0.6977,287.95
Sanger,0.05,0.1,GoCo-oracle,0.0458,0.11,115.69,218.87,727.73,0.6961,289.03
Sanger,0.05,0.1,GoCo-random,0.0466,0.14,111.19,207.5633,685.9633,0.6968,289.8167
Sanger,0.05,0.1,GoCo-score,0.0466,0.17,111.01,208.45,687.7,0.6963,289.66
Sanger,0.05,0.1,GoCo-source,0.0463,0.11,111.04,208.47,691.38,0.6976,287.97
Sanger,0.05,0.1,GoDag,0.0461,0.11,109.61,203.91,674.39,0.6978,286.42
Sanger,0.05,0.1,GoDag-cert60,0.0459,0.1,109.22,203.21,670.47,0.6964,285.26
Sanger,0.05,0.1,GoDag-dense,0.0466,0.19,111.53,208.97,690.04,0.6972,289.94
Sanger,0.05,0.5,Boger,0.0474,0.31,113.54,212.06,700.76,0.6975,294.62
Sanger,0.05,0.5,GoCo-dense-random1,0.0496,0.49,118.16,225.48,760.62,0.7032,306.95
Sanger,0.05,0.5,GoCo-dense-source,0.0495,0.48,118.39,229.61,799.35,0.7112,306.34
Sanger,0.05,0.5,GoCo-exp0,0.0487,0.44,116.93,222.41,751.85,0.704,301.7
Sanger,0.05,0.5,GoCo-exp1,0.0493,0.43,117.0,223.88,796.66,0.717,304.44
Sanger,0.05,0.5,GoCo-oracle,0.0484,0.34,123.68,243.78,937.24,0.7365,303.71
Sanger,0.05,0.5,GoCo-random,0.0494,0.4667,116.8833,219.9267,744.2,0.7042,305.3833
Sanger,0.05,0.5,GoCo-score,0.0494,0.48,117.9,226.02,752.91,0.6997,306.15
Sanger,0.05,0.5,GoCo-source,0.0492,0.43,117.21,224.68,798.68,0.7169,304.19
Sanger,0.05,0.5,GoDag,0.0484,0.31,116.26,218.2,720.95,0.6974,300.73
Sanger,0.05,0.5,GoDag-cert60,0.0482,0.31,115.7,216.95,716.6,0.6975,299.47
Sanger,0.05,0.5,GoDag-dense,0.0491,0.41,118.01,225.66,744.61,0.6971,304.54
Sanger,0.1,0.1,Boger,0.0913,0.01,150.65,315.81,1751.3,0.8193,497.2
Sanger,0.1,0.1,GoCo-dense-random1,0.0952,0.19,155.11,332.62,1928.84,0.8274,514.99
Sanger,0.1,0.1,GoCo-dense-source,0.0942,0.19,154.77,330.43,1934.46,0.8291,510.22
Sanger,0.1,0.1,GoCo-exp0,0.093,0.15,153.2,325.6,1845.68,0.8233,505.16
Sanger,0.1,0.1,GoCo-exp1,0.0941,0.15,155.3,332.03,1956.35,0.8302,510.22
Sanger,0.1,0.1,GoCo-oracle,0.0923,0.1,158.31,343.72,1991.73,0.8271,504.39
Sanger,0.1,0.1,GoCo-random,0.0952,0.17,155.13,332.4867,1915.5733,0.8263,515.42
Sanger,0.1,0.1,GoCo-score,0.095,0.17,154.71,332.16,1929.88,0.8277,513.87
Sanger,0.1,0.1,GoCo-source,0.0939,0.14,154.95,331.36,1945.02,0.8295,509.43
Sanger,0.1,0.1,GoDag,0.0923,0.12,151.65,319.11,1789.29,0.8214,501.6
Sanger,0.1,0.1,GoDag-cert60,0.0925,0.13,152.14,320.74,1802.04,0.8215,502.99
Sanger,0.1,0.1,GoDag-dense,0.0939,0.15,153.67,326.0,1869.73,0.8251,508.84
Sanger,0.1,0.5,Boger,0.0953,0.2,155.41,332.99,1918.55,0.826,515.86
Sanger,0.1,0.5,GoCo-dense-random1,0.0993,0.45,162.45,360.6,2118.87,0.8297,536.24
Sanger,0.1,0.5,GoCo-dense-source,0.099,0.45,162.86,361.99,2151.14,0.8315,534.79
Sanger,0.1,0.5,GoCo-exp0,0.098,0.42,162.53,358.88,2112.59,0.8298,530.3
Sanger,0.1,0.5,GoCo-exp1,0.0988,0.46,164.35,367.06,2266.29,0.8371,533.69
Sanger,0.1,0.5,GoCo-oracle,0.0971,0.27,170.56,388.69,2443.14,0.8391,530.4
Sanger,0.1,0.5,GoCo-random,0.0992,0.4467,162.4367,359.1767,2110.4267,0.8296,535.8267
Sanger,0.1,0.5,GoCo-score,0.0989,0.46,162.65,361.87,2152.07,0.8316,534.85
Sanger,0.1,0.5,GoCo-source,0.0986,0.46,164.09,365.88,2238.67,0.8358,532.72
Sanger,0.1,0.5,GoDag,0.098,0.36,160.9,353.79,2040.05,0.8265,530.48
Sanger,0.1,0.5,GoDag-cert60,0.0975,0.34,159.97,350.5,2020.82,0.8264,528.01
Sanger,0.1,0.5,GoDag-dense,0.0986,0.36,162.35,358.43,2070.48,0.8269,533.8
Sanger,0.2,0.1,Boger,0.1871,0.0,348.15,1136.01,12927.01,0.912,926.42
Sanger,0.2,0.1,GoCo-dense-random1,0.194,0.13,365.28,1242.32,14695.78,0.9154,956.0
Sanger,0.2,0.1,GoCo-dense-source,0.1937,0.09,365.19,1242.07,14737.37,0.9156,954.37
Sanger,0.2,0.1,GoCo-exp0,0.1897,0.0,357.86,1202.1,14087.5,0.9146,937.93
Sanger,0.2,0.1,GoCo-exp1,0.1927,0.08,372.74,1304.99,15865.86,0.9177,952.44
Sanger,0.2,0.1,GoCo-oracle,0.1881,0.0,381.54,1346.36,15950.04,0.9155,943.96
Sanger,0.2,0.1,GoCo-random,0.1937,0.14,363.2433,1234.01,14416.91,0.9144,957.44
Sanger,0.2,0.1,GoCo-score,0.1932,0.08,363.19,1244.36,14741.55,0.9155,952.56
Sanger,0.2,0.1,GoCo-source,0.1915,0.02,367.37,1278.34,15643.12,0.9182,944.46
Sanger,0.2,0.1,GoDag,0.1895,0.0,353.5,1163.21,13324.21,0.9127,937.79
Sanger,0.2,0.1,GoDag-cert60,0.1891,0.0,352.64,1158.19,13254.31,0.9126,935.88
Sanger,0.2,0.1,GoDag-dense,0.1939,0.1,365.5,1247.0,14772.87,0.9155,955.16
Sanger,0.2,0.5,Boger,0.1895,0.0,353.5,1163.21,13324.21,0.9127,937.79
Sanger,0.2,0.5,GoCo-dense-random1,0.1988,0.44,373.18,1303.28,15736.39,0.9172,979.11
Sanger,0.2,0.5,GoCo-dense-source,0.1978,0.33,372.2,1302.58,15767.21,0.9174,973.16
Sanger,0.2,0.5,GoCo-exp0,0.1903,0.01,359.29,1210.98,14227.86,0.9149,940.6
Sanger,0.2,0.5,GoCo-exp1,0.1946,0.09,380.15,1350.78,16417.52,0.9177,962.85
Sanger,0.2,0.5,GoCo-oracle,0.1887,0.01,383.14,1355.6,16087.43,0.9157,946.77
Sanger,0.2,0.5,GoCo-random,0.1981,0.4,372.84,1302.21,15476.2067,0.9158,977.8833
Sanger,0.2,0.5,GoCo-score,0.1964,0.19,370.71,1322.82,16027.2,0.9174,964.66
Sanger,0.2,0.5,GoCo-source,0.1925,0.02,370.57,1299.89,15981.22,0.9187,949.08
Sanger,0.2,0.5,GoDag,0.1895,0.0,353.5,1163.21,13324.21,0.9127,937.79
Sanger,0.2,0.5,GoDag-cert60,0.1897,0.01,353.87,1165.44,13360.47,0.9128,938.55
Sanger,0.2,0.5,GoDag-dense,0.1967,0.18,369.77,1289.96,15441.58,0.9165,967.87
Wainberg,0.05,0.1,Boger,0.0359,0.0,114.86,183.14,489.22,0.6258,267.33
Wainberg,0.05,0.1,GoCo-dense-random1,0.0463,0.15,120.87,197.31,614.37,0.6787,319.3
Wainberg,0.05,0.1,GoCo-dense-source,0.0443,0.15,122.76,204.45,681.11,0.6987,308.41
Wainberg,0.05,0.1,GoCo-exp0,0.0359,0.0,114.86,183.14,489.22,0.6258,267.33
Wainberg,0.05,0.1,GoCo-exp1,0.0359,0.0,114.86,183.14,489.22,0.6258,267.33
Wainberg,0.05,0.1,GoCo-oracle,0.0359,0.0,114.86,183.14,489.22,0.6258,267.33
Wainberg,0.05,0.1,GoCo-random,0.0359,0.0,114.86,183.14,489.22,0.6258,267.33
Wainberg,0.05,0.1,GoCo-score,0.0359,0.0,114.86,183.14,489.22,0.6258,267.33
Wainberg,0.05,0.1,GoCo-source,0.0359,0.0,114.86,183.14,489.22,0.6258,267.33
Wainberg,0.05,0.1,GoDag,0.0359,0.0,114.86,183.14,489.22,0.6258,267.33
Wainberg,0.05,0.1,GoDag-cert60,0.0359,0.0,114.86,183.14,489.22,0.6258,267.33
Wainberg,0.05,0.1,GoDag-dense,0.0365,0.0,116.05,185.74,498.33,0.6274,271.44
Wainberg,0.05,0.5,Boger,0.0359,0.0,114.86,183.14,489.22,0.6258,267.33
Wainberg,0.05,0.5,GoCo-dense-random1,0.0484,0.33,121.58,200.79,640.59,0.6864,328.74
Wainberg,0.05,0.5,GoCo-dense-source,0.0479,0.21,124.99,209.89,732.86,0.7136,325.94
Wainberg,0.05,0.5,GoCo-exp0,0.0359,0.0,114.86,183.14,489.22,0.6258,267.33
Wainberg,0.05,0.5,GoCo-exp1,0.0359,0.0,114.86,183.14,489.22,0.6258,267.33
Wainberg,0.05,0.5,GoCo-oracle,0.0359,0.0,114.86,183.14,489.22,0.6258,267.33
Wainberg,0.05,0.5,GoCo-random,0.0359,0.0,114.86,183.14,489.22,0.6258,267.33
Wainberg,0.05,0.5,GoCo-score,0.0359,0.0,114.86,183.14,489.22,0.6258,267.33
Wainberg,0.05,0.5,GoCo-source,0.0359,0.0,114.86,183.14,489.22,0.6258,267.33
Wainberg,0.05,0.5,GoDag,0.0359,0.0,114.86,183.14,489.22,0.6258,267.33
Wainberg,0.05,0.5,GoDag-cert60,0.0359,0.0,114.86,183.14,489.22,0.6258,267.33
Wainberg,0.05,0.5,GoDag-dense,0.0365,0.0,116.05,185.74,498.33,0.6274,271.44
Wainberg,0.1,0.1,Boger,0.0923,0.01,185.32,338.9,1611.65,0.7898,560.56
Wainberg,0.1,0.1,GoCo-dense-random1,0.0958,0.21,187.44,341.48,1668.12,0.7952,578.06
Wainberg,0.1,0.1,GoCo-dense-source,0.0958,0.22,189.65,349.56,1811.43,0.8067,575.74
Wainberg,0.1,0.1,GoCo-exp0,0.0949,0.12,189.68,347.53,1706.51,0.7963,573.02
Wainberg,0.1,0.1,GoCo-exp1,0.0958,0.25,189.39,349.1,1813.03,0.807,575.52
Wainberg,0.1,0.1,GoCo-oracle,0.0936,0.09,206.53,379.01,1962.8,0.8068,575.0
Wainberg,0.1,0.1,GoCo-random,0.0958,0.21,187.6,342.19,1668.2133,0.7948,577.6
Wainberg,0.1,0.1,GoCo-score,0.0956,0.21,186.07,340.17,1658.0,0.7948,576.13
Wainberg,0.1,0.1,GoCo-source,0.0958,0.21,189.74,349.71,1813.69,0.8068,575.74
Wainberg,0.1,0.1,GoDag,0.0923,0.01,185.71,339.61,1614.12,0.7897,561.06
Wainberg,0.1,0.1,GoDag-cert60,0.0923,0.01,185.71,339.61,1614.12,0.7897,561.06
Wainberg,0.1,0.1,GoDag-dense,0.0924,0.01,185.71,339.61,1614.77,0.7898,561.41
Wainberg,0.1,0.5,Boger,0.0923,0.01,185.71,339.61,1614.12,0.7897,561.06
Wainberg,0.1,0.5,GoCo-dense-random1,0.0991,0.42,189.17,344.65,1724.87,0.8001,593.72
Wainberg,0.1,0.5,GoCo-dense-source,0.0984,0.35,192.05,353.77,1894.93,0.8131,587.53
Wainberg,0.1,0.5,GoCo-exp0,0.0954,0.12,190.39,349.34,1725.09,0.7975,575.03
Wainberg,0.1,0.5,GoCo-exp1,0.0989,0.41,191.57,353.02,1913.54,0.8153,589.79
Wainberg,0.1,0.5,GoCo-oracle,0.0963,0.21,207.65,381.04,2021.99,0.8114,584.73
Wainberg,0.1,0.5,GoCo-random,0.0995,0.4467,189.6733,345.93,1728.9,0.7999,595.0667
Wainberg,0.1,0.5,GoCo-score,0.0994,0.43,187.11,341.76,1713.43,0.8005,594.09
Wainberg,0.1,0.5,GoCo-source,0.0984,0.36,192.1,353.88,1896.83,0.8132,587.76
Wainberg,0.1,0.5,GoDag,0.0923,0.01,185.71,339.61,1614.12,0.7897,561.06
Wainberg,0.1,0.5,GoDag-cert60,0.0923,0.01,185.71,339.61,1614.12,0.7897,561.06
Wainberg,0.1,0.5,GoDag-dense,0.0924,0.01,185.71,339.61,1614.77,0.7898,561.41
Wainberg,0.2,0.1,Boger,0.1699,0.0,265.42,518.94,3946.65,0.8685,945.08
Wainberg,0.2,0.1,GoCo-dense-random1,0.1926,0.09,268.62,527.65,4291.76,0.877,1050.25
Wainberg,0.2,0.1,GoCo-dense-source,0.1866,0.01,269.69,531.3,4438.68,0.8803,1021.5
Wainberg,0.2,0.1,GoCo-exp0,0.1394,0.0,208.19,381.87,2355.11,0.8379,785.51
Wainberg,0.2,0.1,GoCo-exp1,0.1394,0.0,208.19,381.87,2355.11,0.8379,785.51
Wainberg,0.2,0.1,GoCo-oracle,0.1394,0.0,208.19,381.87,2355.11,0.8379,785.51
Wainberg,0.2,0.1,GoCo-random,0.1394,0.0,208.19,381.87,2355.11,0.8379,785.51
Wainberg,0.2,0.1,GoCo-score,0.1394,0.0,208.19,381.87,2355.11,0.8379,785.51
Wainberg,0.2,0.1,GoCo-source,0.1394,0.0,208.19,381.87,2355.11,0.8379,785.51
Wainberg,0.2,0.1,GoDag,0.1699,0.0,265.42,518.94,3946.65,0.8685,945.08
Wainberg,0.2,0.1,GoDag-cert60,0.1699,0.0,265.42,518.94,3946.65,0.8685,945.08
Wainberg,0.2,0.1,GoDag-dense,0.171,0.0,266.06,521.87,3981.98,0.869,949.96
Wainberg,0.2,0.5,Boger,0.1699,0.0,265.42,518.94,3946.65,0.8685,945.08
Wainberg,0.2,0.5,GoCo-dense-random1,0.1968,0.3,269.31,528.91,4357.67,0.8786,1070.2
Wainberg,0.2,0.5,GoCo-dense-source,0.1932,0.29,270.37,533.39,4531.1,0.8822,1052.03
Wainberg,0.2,0.5,GoCo-exp0,0.1394,0.0,208.19,381.87,2355.11,0.8379,785.51
Wainberg,0.2,0.5,GoCo-exp1,0.1394,0.0,208.19,381.87,2355.11,0.8379,785.51
Wainberg,0.2,0.5,GoCo-oracle,0.1394,0.0,208.19,381.87,2355.11,0.8379,785.51
Wainberg,0.2,0.5,GoCo-random,0.1394,0.0,208.19,381.87,2355.11,0.8379,785.51
Wainberg,0.2,0.5,GoCo-score,0.1394,0.0,208.19,381.87,2355.11,0.8379,785.51
Wainberg,0.2,0.5,GoCo-source,0.1394,0.0,208.19,381.87,2355.11,0.8379,785.51
Wainberg,0.2,0.5,GoDag,0.1699,0.0,265.42,518.94,3946.65,0.8685,945.08
Wainberg,0.2,0.5,GoDag-cert60,0.1699,0.0,265.42,518.94,3946.65,0.8685,945.08
Wainberg,0.2,0.5,GoDag-dense,0.171,0.0,266.06,521.87,3981.98,0.869,949.96
