repeat,alpha,arm,label,fdp,correct,total,units
0,0.05,global-coarse,global_62.0008,0.036398920345962135,437,672,239
0,0.05,global-dense,global_59.3219,0.040181649821699465,481,748,249
0,0.05,goco-score,adapt_62.0008_to_52.5656_q0.35,0.03868234923261816,500,791,245
0,0.05,goco,adapt_62.0008_to_52.5656_q0.35,0.040536280710049846,494,767,260
0,0.05,goco-rank,top3012,0.040022065921941796,690,879,507
0,0.1,global-coarse,global_37.7842,0.07896037328184619,882,1650,407
0,0.1,global-dense,global_35.5381,0.09155305343762107,970,1884,450
0,0.1,goco-score,adapt_37.7842_to_32.0342_q0.5,0.08802956570850655,987,1941,438
0,0.1,goco,adapt_37.7842_to_32.0342_q0.4,0.08886573937256602,1025,1902,478
0,0.1,goco-rank,top5736,0.0861317382107618,1234,1691,806
0,0.2,global-coarse,global_27.1593,0.1428013810305908,1468,2925,717
0,0.2,global-dense,global_23.8149,0.1808589858226014,1807,3753,866
0,0.2,goco-score,adapt_27.1593_to_23.0262_q0.75,0.17733503705631284,1804,3785,842
0,0.2,goco,adapt_27.1593_to_23.0262_q0.75,0.17166255480129022,1851,3736,846
0,0.2,goco-rank,top12426,0.1815740393851324,2464,3720,1309
1,0.05,global-coarse,global_62.0008,0.0360610359162283,444,663,237
1,0.05,global-dense,global_58.3796,0.042738932561026066,482,763,251
1,0.05,goco-score,adapt_62.0008_to_52.5656_q0.4,0.042791634651378134,496,816,251
1,0.05,goco,adapt_62.0008_to_52.5656_q0.5,0.04163317374943357,508,812,258
1,0.05,goco-rank,top2648,0.035202041097779614,628,778,475
1,0.1,global-coarse,global_37.7842,0.08499796415601132,850,1651,414
1,0.1,global-dense,global_36.1117,0.09324526666272633,926,1829,441
1,0.1,goco-score,adapt_37.7842_to_32.0342_q0.4,0.09423429280690347,963,1991,447
1,0.1,goco,adapt_37.7842_to_32.0342_q0.6,0.09575378765490475,1020,2010,485
1,0.1,goco-rank,top5043,0.08060152622626764,1130,1481,811
1,0.2,global-coarse,global_27.1593,0.13996966234243852,1358,2855,680
1,0.2,global-dense,global_23.8149,0.17719961912933269,1655,3665,826
1,0.2,goco-score,adapt_27.1593_to_23.0262_q0.75,0.173707261962026,1687,3756,813
1,0.2,goco,adapt_27.1593_to_23.0262_q0.75,0.1722993355437562,1687,3691,814
1,0.2,goco-rank,top10925,0.1790001200013612,2205,3213,1321
2,0.05,global-coarse,global_62.0008,0.037339677285891604,382,610,230
2,0.05,global-dense,global_57.4523,0.04593504344228382,438,736,254
2,0.05,goco-score,adapt_62.0008_to_52.5656_q0.4,0.043868825974742405,431,737,244
2,0.05,goco,adapt_62.0008_to_52.5656_q0.6,0.040679610694091456,446,736,246
2,0.05,goco-rank,top2648,0.035615777134188384,578,732,459
2,0.1,global-coarse,global_37.7842,0.08115514444641461,790,1566,399
2,0.1,global-dense,global_36.1117,0.09042020476650182,874,1752,438
2,0.1,goco-score,adapt_37.7842_to_32.0342_q0.5,0.09070505874394993,910,1881,442
2,0.1,goco,adapt_37.7842_to_32.0342_q0.5,0.08732457263694333,944,1832,463
2,0.1,goco-rank,top5736,0.08170646413302599,1215,1613,867
2,0.2,global-coarse,global_27.1593,0.13777884644661642,1383,2841,693
2,0.2,global-dense,global_23.8149,0.17658240165328437,1704,3705,833
2,0.2,goco-score,adapt_27.1593_to_23.0262_q0.75,0.17348066568600046,1744,3811,820
2,0.2,goco,adapt_27.1593_to_23.0262_q0.75,0.1709921598462327,1764,3768,833
2,0.2,goco-rank,top12426,0.16984350752451705,2335,3485,1294
3,0.05,global-coarse,global_62.0008,0.03369091947908663,418,628,216
3,0.05,global-dense,global_58.3796,0.04172478672892409,454,716,235
3,0.05,goco-score,adapt_62.0008_to_52.5656_q0.4,0.036827432669385506,455,719,222
3,0.05,goco,adapt_62.0008_to_52.5656_q0.4,0.037058927832614226,456,700,230
3,0.05,goco-rank,top2648,0.04083574679354572,590,765,456
3,0.1,global-coarse,global_37.7842,0.08370569576610122,782,1555,390
3,0.1,global-dense,global_36.1117,0.09220058317079417,851,1733,421
3,0.1,goco-score,adapt_37.7842_to_32.0342_q0.4,0.09122321387526187,872,1839,418
3,0.1,goco,adapt_37.7842_to_32.0342_q0.5,0.093981454117987,935,1853,459
3,0.1,goco-rank,top5736,0.08369295322020535,1229,1705,812
3,0.2,global-coarse,global_27.1593,0.14212995665209152,1336,2825,689
3,0.2,global-dense,global_23.8149,0.1782052157571729,1639,3664,842
3,0.2,goco-score,adapt_27.1593_to_23.0262_q0.75,0.17547922769869403,1663,3731,828
3,0.2,goco,adapt_27.1593_to_23.0262_q0.75,0.17208208468632555,1688,3669,841
3,0.2,goco-rank,top12426,0.16481949485951403,2432,3728,1214
4,0.05,global-coarse,global_62.0008,0.039047816064779244,462,682,252
4,0.05,global-dense,global_58.3796,0.04653151289477313,501,776,271
4,0.05,goco-score,adapt_62.0008_to_52.5656_q0.4,0.04675266465709164,514,833,272
4,0.05,goco,adapt_62.0008_to_52.5656_q0.6,0.048291861221112356,545,874,287
4,0.05,goco-rank,top2328,0.04261481175010343,559,699,528
4,0.1,global-coarse,global_37.7842,0.0879634007788745,912,1800,440
4,0.1,global-dense,global_36.1117,0.09759343538822232,992,1988,475
4,0.1,goco-score,adapt_37.7842_to_32.0342_q0.4,0.09917663245135318,1038,2160,483
4,0.1,goco,adapt_37.7842_to_32.0342_q0.6,0.09610020949491369,1061,2090,498
4,0.1,goco-rank,top4433,0.09674527651358432,1000,1356,860
4,0.2,global-coarse,global_27.1593,0.1538555661228396,1492,3115,754
4,0.2,global-dense,global_23.4366,0.20656906026469654,1861,4126,937
4,0.2,goco-score,adapt_27.1593_to_23.0262_q0.75,0.1916666565699762,1863,4086,890
4,0.2,goco,adapt_27.1593_to_23.0262_q0.75,0.18225051990932153,1871,3951,883
4,0.2,goco-rank,top10925,0.1801627749807311,2268,3338,1324
5,0.05,global-coarse,global_62.0008,0.03834840514608822,387,638,225
5,0.05,global-dense,global_56.5397,0.050691530232283226,456,803,257
5,0.05,goco-score,adapt_62.0008_to_52.5656_q0.5,0.05081515850030538,457,856,254
5,0.05,goco,adapt_62.0008_to_52.5656_q0.6,0.04587249049392202,446,804,245
5,0.05,goco-rank,top3012,0.04922063295046332,627,860,488
5,0.1,global-coarse,global_37.7842,0.0866739234654005,766,1625,400
5,0.1,global-dense,global_35.5381,0.09904528767789007,850,1844,445
5,0.1,goco-score,adapt_37.7842_to_32.0342_q0.4,0.0957968030682139,872,1905,440
5,0.1,goco,adapt_37.7842_to_32.0342_q0.5,0.09540811209201776,884,1844,467
5,0.1,goco-rank,top5736,0.09663117074163827,1122,1664,783
5,0.2,global-coarse,global_27.1593,0.14971207136080947,1284,2816,700
5,0.2,global-dense,global_23.8149,0.18659945848213996,1572,3637,839
5,0.2,goco-score,adapt_27.1593_to_23.0262_q0.75,0.18455503105713622,1610,3738,831
5,0.2,goco,adapt_27.1593_to_23.0262_q0.75,0.1829831326296317,1638,3696,851
5,0.2,goco-rank,top12426,0.19538373294062164,2174,3600,1282
6,0.05,global-coarse,global_62.0008,0.04015997793407806,399,651,239
6,0.05,global-dense,global_57.4523,0.046879248182516695,449,773,257
6,0.05,goco-score,adapt_62.0008_to_52.5656_q0.5,0.044345114959512974,456,798,247
6,0.05,goco,adapt_62.0008_to_52.5656_q0.6,0.04498443564434462,466,797,258
6,0.05,goco-rank,top2328,0.03940146186732864,547,699,458
6,0.1,global-coarse,global_37.7842,0.0884158835234549,800,1683,416
6,0.1,global-dense,global_34.9736,0.10173210920004466,908,1969,468
6,0.1,goco-score,adapt_37.7842_to_32.0342_q0.6,0.10339559075595484,941,2094,471
6,0.1,goco,adapt_37.7842_to_32.0342_q0.6,0.09904578022079057,980,2025,496
6,0.1,goco-rank,top4433,0.0800203256036934,993,1355,759
6,0.2,global-coarse,global_27.1593,0.14843074339350715,1388,3028,717
6,0.2,global-dense,global_23.8149,0.18770198837887273,1728,3918,866
6,0.2,goco-score,adapt_27.1593_to_23.0262_q0.75,0.18107801451092842,1741,3971,836
6,0.2,goco,adapt_27.1593_to_23.0262_q0.75,0.18128687924253645,1787,3935,863
6,0.2,goco-rank,top10925,0.17860728890931624,2163,3317,1299
7,0.05,global-coarse,global_62.0008,0.039038950292570485,408,666,236
7,0.05,global-dense,global_56.5397,0.04750724038063715,462,799,260
7,0.05,goco-score,adapt_62.0008_to_52.5656_q0.6,0.04863762633725398,456,835,256
7,0.05,goco,adapt_62.0008_to_52.5656_q0.6,0.048820359753334513,470,826,268
7,0.05,goco-rank,top2648,0.04071622304969429,631,810,502
7,0.1,global-coarse,global_37.7842,0.08197457165185755,788,1597,395
7,0.1,global-dense,global_36.1117,0.09084674691832326,854,1754,430
7,0.1,goco-score,adapt_37.7842_to_32.0342_q0.4,0.08955612033808144,883,1844,429
7,0.1,goco,adapt_37.7842_to_32.0342_q0.75,0.0928505756184697,965,1927,476
7,0.1,goco-rank,top5736,0.09660720032048124,1264,1719,893
7,0.2,global-coarse,global_27.1593,0.14250082538249687,1311,2793,692
7,0.2,global-dense,global_23.8149,0.18021905471009853,1618,3626,843
7,0.2,goco-score,adapt_27.1593_to_23.0262_q0.75,0.17916040975771072,1650,3730,837
7,0.2,goco,adapt_27.1593_to_23.0262_q0.75,0.17977602868114928,1656,3667,853
7,0.2,goco-rank,top12426,0.1878178985543487,2411,3613,1330
8,0.05,global-coarse,global_62.0008,0.036304352109068704,396,638,226
8,0.05,global-dense,global_59.3219,0.03962507634414957,434,702,236
8,0.05,goco-score,adapt_62.0008_to_52.5656_q0.3,0.03980879484603109,448,742,235
8,0.05,goco,adapt_62.0008_to_52.5656_q0.5,0.04071655141162795,464,762,244
8,0.05,goco-rank,top2648,0.03916799653249797,608,764,446
8,0.1,global-coarse,global_37.7842,0.07289208056688404,784,1528,371
8,0.1,global-dense,global_36.6945,0.07905182208036986,829,1637,393
8,0.1,goco-score,adapt_37.7842_to_32.0342_q0.25,0.07861624997537285,850,1693,391
8,0.1,goco,adapt_37.7842_to_32.0342_q0.35,0.07653509203985001,857,1637,402
8,0.1,goco-rank,top5736,0.08847222744616208,1213,1660,793
8,0.2,global-coarse,global_27.1593,0.13194445764780893,1309,2662,662
8,0.2,global-dense,global_24.1993,0.16672797400759873,1575,3335,807
8,0.2,goco-score,adapt_27.1593_to_23.0262_q0.75,0.1670338626697543,1620,3523,799
8,0.2,goco,adapt_27.1593_to_23.0262_q0.75,0.16555791967661695,1669,3518,819
8,0.2,goco-rank,top10925,0.17115616994599206,2131,3220,1206
9,0.05,global-coarse,global_62.0008,0.036286620564651186,440,665,231
9,0.05,global-dense,global_59.3219,0.03816222392970428,468,729,236
9,0.05,goco-score,adapt_62.0008_to_52.5656_q0.35,0.03890744133814055,489,804,237
9,0.05,goco,adapt_62.0008_to_52.5656_q0.6,0.041562247571763494,508,843,252
9,0.05,goco-rank,top3012,0.048469027409863155,661,857,508
9,0.1,global-coarse,global_37.7842,0.08274934163432301,809,1618,404
9,0.1,global-dense,global_35.5381,0.09388130372822139,889,1846,442
9,0.1,goco-score,adapt_37.7842_to_32.0342_q0.5,0.09203492457526384,910,1919,438
9,0.1,goco,adapt_37.7842_to_32.0342_q0.6,0.09390248307294233,990,1939,488
9,0.1,goco-rank,top5736,0.0937067839529569,1184,1628,815
9,0.2,global-coarse,global_27.1593,0.14806084941583492,1343,2849,714
9,0.2,global-dense,global_23.8149,0.18960787597344828,1688,3751,874
9,0.2,goco-score,adapt_27.1593_to_23.0262_q0.75,0.18705609890203093,1733,3860,864
9,0.2,goco,adapt_27.1593_to_23.0262_q0.75,0.18233535878617288,1737,3777,867
9,0.2,goco-rank,top12426,0.19020685254561717,2282,3493,1304
10,0.05,global-coarse,global_62.0008,0.0372697361940225,406,660,229
10,0.05,global-dense,global_57.4523,0.04638769036783103,452,783,249
10,0.05,goco-score,adapt_62.0008_to_52.5656_q0.4,0.0458769233800264,451,809,246
10,0.05,goco,adapt_62.0008_to_52.5656_q0.6,0.04340928344858837,465,814,245
10,0.05,goco-rank,top2648,0.04079437318990484,605,759,494
10,0.1,global-coarse,global_37.7842,0.08078196110881258,775,1598,384
10,0.1,global-dense,global_36.1117,0.08972965962001957,838,1749,415
10,0.1,goco-score,adapt_37.7842_to_32.0342_q0.4,0.09250563140716223,878,1898,427
10,0.1,goco,adapt_37.7842_to_32.0342_q0.6,0.08988021356660165,924,1866,457
10,0.1,goco-rank,top5043,0.08146692410242265,1097,1466,785
10,0.2,global-coarse,global_27.1593,0.14485959955550357,1333,2872,716
10,0.2,global-dense,global_23.8149,0.1831646249632207,1645,3684,864
10,0.2,goco-score,adapt_27.1593_to_23.0262_q0.75,0.18066177024048963,1678,3784,856
10,0.2,goco,adapt_27.1593_to_23.0262_q0.75,0.17438051988600795,1697,3696,856
10,0.2,goco-rank,top10925,0.16497403093389854,2157,3201,1214
11,0.05,global-coarse,global_62.0008,0.044789881198652404,417,696,243
11,0.05,global-dense,global_54.7578,0.059252418385641374,490,888,285
11,0.05,goco-score,adapt_62.0008_to_52.5656_q0.75,0.05726599286797879,495,917,279
11,0.05,goco,adapt_62.0008_to_52.5656_q0.75,0.05176182595504068,474,844,268
11,0.05,goco-rank,top3012,0.054058553500009855,645,885,532
11,0.1,global-coarse,global_37.7842,0.08516657800894457,843,1704,416
11,0.1,global-dense,global_34.418,0.10011574758161436,990,2025,482
11,0.1,goco-score,adapt_37.7842_to_32.0342_q0.6,0.10133265690775,995,2089,481
11,0.1,goco,adapt_37.7842_to_32.0342_q0.6,0.09796875307839312,1026,2058,498
11,0.1,goco-rank,top5736,0.10321199165841284,1166,1696,869
11,0.2,global-coarse,global_27.1593,0.1495628515280977,1403,2948,721
11,0.2,global-dense,global_23.0644,0.2043190734066029,1811,4050,919
11,0.2,goco-score,adapt_27.1593_to_23.0262_q0.75,0.1866100217815397,1771,3921,860
11,0.2,goco,adapt_27.1593_to_23.0262_q0.75,0.18416990455035917,1784,3869,870
11,0.2,goco-rank,top12426,0.2012823275734274,2352,3728,1328
12,0.05,global-coarse,global_62.0008,0.03634080028370471,439,689,234
12,0.05,global-dense,global_59.3219,0.039487656874913804,470,749,240
12,0.05,goco-score,adapt_62.0008_to_52.5656_q0.4,0.04136572295446933,493,812,244
12,0.05,goco,adapt_62.0008_to_52.5656_q0.5,0.04383336288590736,507,835,260
12,0.05,goco-rank,top3012,0.045025316705085014,681,886,517
12,0.1,global-coarse,global_37.7842,0.07966421708664158,870,1636,420
12,0.1,global-dense,global_36.1117,0.08845692876516212,947,1792,454
12,0.1,goco-score,adapt_37.7842_to_32.0342_q0.4,0.08700753918999678,976,1883,453
12,0.1,goco,adapt_37.7842_to_32.0342_q0.4,0.0853650727978407,996,1814,479
12,0.1,goco-rank,top5736,0.09139805167939218,1238,1694,838
12,0.2,global-coarse,global_27.1593,0.14488654475208054,1416,2888,724
12,0.2,global-dense,global_23.8149,0.17755984843793912,1750,3733,865
12,0.2,goco-score,adapt_27.1593_to_23.0262_q0.75,0.17874550635771772,1787,3851,864
12,0.2,goco,adapt_27.1593_to_23.0262_q0.75,0.17488123864363617,1797,3816,860
12,0.2,goco-rank,top12426,0.18195580859037017,2444,3673,1279
13,0.05,global-coarse,global_62.0008,0.03687077644462832,399,616,228
13,0.05,global-dense,global_58.3796,0.04156668045786788,442,712,243
13,0.05,goco-score,adapt_62.0008_to_52.5656_q0.5,0.042160194652954265,455,763,244
13,0.05,goco,adapt_62.0008_to_52.5656_q0.6,0.04422641212049569,467,767,263
13,0.05,goco-rank,top3012,0.043411253620190327,667,844,508
13,0.1,global-coarse,global_37.7842,0.08003017646170316,813,1604,403
13,0.1,global-dense,global_36.1117,0.08883487335080219,899,1780,437
13,0.1,goco-score,adapt_37.7842_to_32.0342_q0.4,0.08861684102685344,921,1870,433
13,0.1,goco,adapt_37.7842_to_32.0342_q0.6,0.08717795903356515,989,1926,461
13,0.1,goco-rank,top5736,0.09110960064621627,1146,1588,847
13,0.2,global-coarse,global_27.1593,0.1475314358330494,1412,2901,720
13,0.2,global-dense,global_23.8149,0.18923183215688186,1735,3776,883
13,0.2,goco-score,adapt_27.1593_to_23.0262_q0.75,0.1869046969039218,1782,3885,874
13,0.2,goco,adapt_27.1593_to_23.0262_q0.75,0.18128540928215178,1787,3829,868
13,0.2,goco-rank,top12426,0.1947216840990114,2254,3540,1322
14,0.05,global-coarse,global_62.0008,0.03624130661780641,372,610,216
14,0.05,global-dense,global_60.2794,0.039258131883287035,389,656,222
14,0.05,goco-score,adapt_62.0008_to_52.5656_q0.4,0.039174892133104794,413,722,222
14,0.05,goco,adapt_62.0008_to_52.5656_q0.5,0.03849764564493567,417,717,225
14,0.05,goco-rank,top3012,0.04264928975313749,637,842,476
14,0.1,global-coarse,global_37.7842,0.07917118164325447,735,1509,390
14,0.1,global-dense,global_36.6945,0.08380699542263464,781,1628,408
14,0.1,goco-score,adapt_37.7842_to_32.0342_q0.35,0.08518135429595917,837,1801,417
14,0.1,goco,adapt_37.7842_to_32.0342_q0.5,0.08602721463706156,895,1817,453
14,0.1,goco-rank,top5736,0.07779666892203094,1171,1646,774
14,0.2,global-coarse,global_27.1593,0.1438729810161337,1260,2765,677
14,0.2,global-dense,global_23.8149,0.181172125247422,1593,3640,844
14,0.2,goco-score,adapt_27.1593_to_23.0262_q0.75,0.17939333105607902,1618,3740,833
14,0.2,goco,adapt_27.1593_to_23.0262_q0.75,0.17382409337058152,1612,3591,837
14,0.2,goco-rank,top12426,0.1788232339535608,2234,3572,1259
15,0.05,global-coarse,global_62.0008,0.038177000216718875,424,655,228
15,0.05,global-dense,global_58.3796,0.04395108063912367,463,745,242
15,0.05,goco-score,adapt_62.0008_to_52.5656_q0.4,0.045672025533423956,482,811,247
15,0.05,goco,adapt_62.0008_to_52.5656_q0.6,0.04415548594282562,472,788,251
15,0.05,goco-rank,top2648,0.04552820300648186,595,756,498
15,0.1,global-coarse,global_37.7842,0.07863742932009378,868,1629,408
15,0.1,global-dense,global_36.6945,0.0831198980764558,916,1761,421
15,0.1,goco-score,adapt_37.7842_to_32.0342_q0.3,0.08577125650977534,981,1929,436
15,0.1,goco,adapt_37.7842_to_32.0342_q0.5,0.08762371035850557,1022,1912,472
15,0.1,goco-rank,top5736,0.09180802647910632,1242,1663,873
15,0.2,global-coarse,global_27.1593,0.14016130745547378,1455,2943,709
15,0.2,global-dense,global_23.8149,0.17394245234512704,1819,3858,854
15,0.2,goco-score,adapt_27.1593_to_23.0262_q0.75,0.1735664983946154,1856,3987,844
15,0.2,goco,adapt_27.1593_to_23.0262_q0.75,0.16636168532509404,1866,3868,843
15,0.2,goco-rank,top12426,0.18173967116871542,2466,3618,1340
16,0.05,global-coarse,global_62.0008,0.03880154461453592,438,700,241
16,0.05,global-dense,global_60.2794,0.040465847075280253,461,749,247
16,0.05,goco-score,adapt_62.0008_to_52.5656_q0.3,0.04013485824615324,497,817,243
16,0.05,goco,adapt_62.0008_to_52.5656_q0.5,0.04219073231278444,523,857,267
16,0.05,goco-rank,top2648,0.04233110703942314,638,804,503
16,0.1,global-coarse,global_37.7842,0.08533272914737541,880,1741,425
16,0.1,global-dense,global_36.1117,0.09408111196485214,976,1936,460
16,0.1,goco-score,adapt_37.7842_to_32.0342_q0.5,0.09338974591353573,1009,2076,459
16,0.1,goco,adapt_37.7842_to_32.0342_q0.5,0.0932383710621195,1004,2004,480
16,0.1,goco-rank,top5736,0.09975505692303376,1266,1739,896
16,0.2,global-coarse,global_27.1593,0.1494273677869044,1432,3061,710
16,0.2,global-dense,global_23.8149,0.18771880044909325,1773,3970,859
16,0.2,goco-score,adapt_27.1593_to_23.0262_q0.75,0.18375220200039497,1813,4068,848
16,0.2,goco,adapt_27.1593_to_23.0262_q0.75,0.18411877332269652,1815,4037,855
16,0.2,goco-rank,top12426,0.18202770158524742,2487,3762,1327
17,0.05,global-coarse,global_62.0008,0.033131390744133814,428,643,221
17,0.05,global-dense,global_60.2794,0.03637478574383829,440,677,229
17,0.05,goco-score,adapt_62.0008_to_52.5656_q0.3,0.035776346119747025,460,715,227
17,0.05,goco,adapt_62.0008_to_52.5656_q0.4,0.036029020627696674,457,711,235
17,0.05,goco-rank,top2328,0.03621191822474404,490,658,413
17,0.1,global-coarse,global_37.7842,0.07886711849268738,791,1537,387
17,0.1,global-dense,global_36.6945,0.08435700166151139,835,1654,406
17,0.1,goco-score,adapt_37.7842_to_32.0342_q0.3,0.08538214761839089,867,1735,409
17,0.1,goco,adapt_37.7842_to_32.0342_q0.35,0.08177410669135947,871,1660,425
17,0.1,goco-rank,top4433,0.07447884640576756,869,1233,711
17,0.2,global-coarse,global_27.1593,0.14131305071520214,1299,2764,686
17,0.2,global-dense,global_23.8149,0.18100928164509658,1590,3615,823
17,0.2,goco-score,adapt_27.1593_to_23.0262_q0.75,0.1756235043711619,1614,3695,807
17,0.2,goco,adapt_27.1593_to_23.0262_q0.75,0.17651614136226806,1640,3645,826
17,0.2,goco-rank,top10925,0.17502121249395255,1961,3019,1274
18,0.05,global-coarse,global_62.0008,0.04147802273578029,415,680,242
18,0.05,global-dense,global_55.6416,0.050174360186772266,487,856,270
18,0.05,goco-score,adapt_62.0008_to_52.5656_q0.6,0.05006009023385937,478,868,261
18,0.05,goco,adapt_62.0008_to_52.5656_q0.6,0.050843233445633115,496,884,278
18,0.05,goco-rank,top3012,0.04447357207950067,657,899,540
18,0.1,global-coarse,global_37.7842,0.08515180172192997,852,1700,416
18,0.1,global-dense,global_34.9736,0.09731958153555174,954,1971,463
18,0.1,goco-score,adapt_37.7842_to_32.0342_q0.6,0.0992160358833921,995,2085,470
18,0.1,goco,adapt_37.7842_to_32.0342_q0.6,0.09741858265854957,1047,2058,504
18,0.1,goco-rank,top6525,0.09383432386121669,1343,1937,907
18,0.2,global-coarse,global_27.1593,0.15438597512449392,1415,3039,744
18,0.2,global-dense,global_23.4366,0.20243540562238996,1778,4034,917
18,0.2,goco-score,adapt_27.1593_to_23.0262_q0.75,0.1915719045665625,1786,4017,881
18,0.2,goco,adapt_27.1593_to_23.0262_q0.75,0.18573945034767883,1790,3906,887
18,0.2,goco-rank,top12426,0.18022407728549467,2310,3672,1295
19,0.05,global-coarse,global_62.0008,0.03500108359438107,423,629,231
19,0.05,global-dense,global_58.3796,0.04093425537364305,466,725,245
19,0.05,goco-score,adapt_62.0008_to_52.5656_q0.3,0.036207321157672834,467,729,233
19,0.05,goco,adapt_62.0008_to_52.5656_q0.5,0.04131499103571921,466,741,250
19,0.05,goco-rank,top2328,0.03404407273873554,462,609,371
19,0.1,global-coarse,global_37.7842,0.07859326464001681,822,1573,401
19,0.1,global-dense,global_36.1117,0.08781777226129729,899,1748,435
19,0.1,goco-score,adapt_37.7842_to_32.0342_q0.4,0.08684089550866547,912,1843,429
19,0.1,goco,adapt_37.7842_to_32.0342_q0.5,0.08345663323942182,918,1752,440
19,0.1,goco-rank,top5043,0.08551865662953788,1006,1438,811
19,0.2,global-coarse,global_27.1593,0.14228067363152178,1350,2799,690
19,0.2,global-dense,global_23.8149,0.18003723995777832,1657,3628,848
19,0.2,goco-score,adapt_27.1593_to_23.0262_q0.75,0.17489676380498742,1667,3659,817
19,0.2,goco,adapt_27.1593_to_23.0262_q0.75,0.17289012910286244,1693,3624,834
19,0.2,goco-rank,top10925,0.16934440067315734,2003,3168,1266
20,0.05,global-coarse,global_62.0008,0.0397974663593199,452,681,255
20,0.05,global-dense,global_55.6416,0.04939712748980436,531,856,283
20,0.05,goco-score,adapt_62.0008_to_52.5656_q0.5,0.04756979332899896,513,850,272
20,0.05,goco,adapt_62.0008_to_52.5656_q0.75,0.04623253935417775,533,859,282
20,0.05,goco-rank,top3012,0.042418779675709756,699,898,480
20,0.1,global-coarse,global_37.7842,0.0822950528991075,885,1699,427
20,0.1,global-dense,global_35.5381,0.09552754628261455,981,1934,479
20,0.1,goco-score,adapt_37.7842_to_32.0342_q0.4,0.09237560008143376,1002,1999,466
20,0.1,goco,adapt_37.7842_to_32.0342_q0.6,0.09737802995974282,1066,2051,511
20,0.1,goco-rank,top5736,0.08561973584729066,1227,1659,820
20,0.2,global-coarse,global_27.1593,0.15036915344114352,1475,3006,727
20,0.2,global-dense,global_23.4366,0.19258609379079578,1848,3949,889
20,0.2,goco-score,adapt_27.1593_to_23.0262_q0.75,0.17854606308480825,1839,3891,838
20,0.2,goco,adapt_27.1593_to_23.0262_q0.75,0.1800382591156886,1883,3909,876
20,0.2,goco-rank,top12426,0.18970652043676456,2432,3665,1377
21,0.05,global-coarse,global_62.0008,0.03983194436235396,416,653,241
21,0.05,global-dense,global_59.3219,0.04336249187304214,454,718,252
21,0.05,goco-score,adapt_62.0008_to_52.5656_q0.35,0.04318025099986209,469,763,251
21,0.05,goco,adapt_62.0008_to_52.5656_q0.4,0.0438136611698879,474,755,259
21,0.05,goco-rank,top3012,0.04190998285950706,675,834,475
21,0.1,global-coarse,global_37.7842,0.08350917114880706,836,1649,405
21,0.1,global-dense,global_36.6945,0.08858958698635984,880,1781,423
21,0.1,goco-score,adapt_37.7842_to_32.0342_q0.4,0.0900437378095632,938,1947,434
21,0.1,goco,adapt_37.7842_to_32.0342_q0.6,0.09192180388911873,1014,1987,476
21,0.1,goco-rank,top6525,0.09524105049549816,1366,1848,905
21,0.2,global-coarse,global_27.1593,0.14766727778726124,1422,2963,731
21,0.2,global-dense,global_23.8149,0.1881942652197465,1732,3825,876
21,0.2,goco-score,adapt_27.1593_to_23.0262_q0.75,0.1846275511611733,1755,3883,860
21,0.2,goco,adapt_27.1593_to_23.0262_q0.75,0.18025265078916908,1775,3840,863
21,0.2,goco-rank,top12426,0.1766961958871991,2447,3589,1351
22,0.05,global-coarse,global_62.0008,0.03921725082254665,393,633,229
22,0.05,global-dense,global_58.3796,0.04525484169671178,437,728,242
22,0.05,goco-score,adapt_62.0008_to_52.5656_q0.4,0.04542526154028016,455,781,243
22,0.05,goco,adapt_62.0008_to_52.5656_q0.75,0.04970545934550899,474,824,262
22,0.05,goco-rank,top2648,0.04733829816577023,602,748,556
22,0.1,global-coarse,global_37.7842,0.08136250500751949,781,1610,386
22,0.1,global-dense,global_36.6945,0.0871725410616598,836,1741,405
22,0.1,goco-score,adapt_37.7842_to_32.0342_q0.35,0.08904026374030512,892,1901,413
22,0.1,goco,adapt_37.7842_to_32.0342_q0.4,0.08710374923655852,902,1808,439
22,0.1,goco-rank,top5043,0.08566109108103316,1045,1393,813
22,0.2,global-coarse,global_27.1593,0.13982860218896628,1358,2860,683
22,0.2,global-dense,global_23.8149,0.18243793517552598,1663,3689,847
22,0.2,goco-score,adapt_27.1593_to_23.0262_q0.75,0.1797072782587921,1697,3761,836
22,0.2,goco,adapt_27.1593_to_23.0262_q0.75,0.1786072508554962,1715,3732,850
22,0.2,goco-rank,top10925,0.17472026548360847,2068,3017,1242
23,0.05,global-coarse,global_62.0008,0.03744606655239671,447,692,233
23,0.05,global-dense,global_58.3796,0.04284482928463069,490,789,249
23,0.05,goco-score,adapt_62.0008_to_52.5656_q0.6,0.044230352463699586,504,853,252
23,0.05,goco,adapt_62.0008_to_52.5656_q0.5,0.041533187540634786,505,805,259
23,0.05,goco-rank,top3012,0.04027424788699096,669,878,458
23,0.1,global-coarse,global_37.7842,0.07231153666817713,871,1633,386
23,0.1,global-dense,global_36.6945,0.07938543780496615,903,1724,407
23,0.1,goco-score,adapt_37.7842_to_32.0342_q0.275,0.07727620492411555,919,1777,398
23,0.1,goco,adapt_37.7842_to_32.0342_q0.4,0.07652442027700614,983,1802,428
23,0.1,goco-rank,top5736,0.08096251465279672,1132,1615,745
23,0.2,global-coarse,global_27.1593,0.13601045325290256,1395,2780,674
23,0.2,global-dense,global_24.1993,0.16521193374730817,1694,3453,810
23,0.2,goco-score,adapt_27.1593_to_23.0262_q0.75,0.1669354895338894,1743,3650,801
23,0.2,goco,adapt_27.1593_to_23.0262_q0.75,0.16917333581393676,1774,3647,824
23,0.2,goco-rank,top12426,0.16837375963564177,2294,3598,1269
24,0.05,global-coarse,global_62.0008,0.041617904919518486,443,724,246
24,0.05,global-dense,global_55.6416,0.0509136670804027,513,894,272
24,0.05,goco-score,adapt_62.0008_to_52.5656_q0.6,0.048696731485312374,498,883,262
24,0.05,goco,adapt_62.0008_to_52.5656_q0.75,0.04956409953306933,512,906,274
24,0.05,goco-rank,top2648,0.038498138187836164,657,810,506
24,0.1,global-coarse,global_37.7842,0.08471343854049687,805,1650,406
24,0.1,global-dense,global_34.9736,0.09431424893774915,877,1879,437
24,0.1,goco-score,adapt_37.7842_to_32.0342_q0.5,0.09408718666062482,897,1941,437
24,0.1,goco,adapt_37.7842_to_32.0342_q0.75,0.09628639071129762,958,1978,465
24,0.1,goco-rank,top5736,0.09918278177483804,1277,1735,897
24,0.2,global-coarse,global_27.1593,0.14703995723855054,1304,2889,710
24,0.2,global-dense,global_23.8149,0.1858885658028981,1622,3781,866
24,0.2,goco-score,adapt_27.1593_to_23.0262_q0.75,0.18296479443958086,1653,3906,854
24,0.2,goco,adapt_27.1593_to_23.0262_q0.75,0.18032236148063985,1660,3812,858
24,0.2,goco-rank,top12426,0.19741777323490192,2425,3701,1371
25,0.05,global-coarse,global_62.0008,0.04373288413420809,407,704,238
25,0.05,global-dense,global_56.5397,0.052910435998975505,456,843,264
25,0.05,goco-score,adapt_62.0008_to_52.5656_q0.4,0.05005319463325256,446,846,252
25,0.05,goco,adapt_62.0008_to_52.5656_q0.6,0.048649447366865654,455,846,261
25,0.05,goco-rank,top3426,0.050648022276073575,716,1033,513
25,0.1,global-coarse,global_37.7842,0.08789723584924247,775,1639,410
25,0.1,global-dense,global_36.1117,0.0954466050659679,843,1791,440
25,0.1,goco-score,adapt_37.7842_to_32.0342_q0.5,0.09806085860078412,883,1944,451
25,0.1,goco,adapt_37.7842_to_32.0342_q0.5,0.09777370608980042,909,1906,479
25,0.1,goco-rank,top6525,0.09015421175632708,1301,1958,842
25,0.2,global-coarse,global_27.1593,0.1537404810056858,1330,2935,717
25,0.2,global-dense,global_23.4366,0.20411180836683693,1658,3925,896
25,0.2,goco-score,adapt_27.1593_to_23.0262_q0.75,0.18820882552831864,1686,3925,853
25,0.2,goco,adapt_27.1593_to_23.0262_q0.75,0.1785072527940607,1690,3823,835
25,0.2,goco-rank,top14135,0.2022559193776516,2588,4234,1406
26,0.05,global-coarse,global_62.0008,0.03852473550446244,408,639,231
26,0.05,global-dense,global_59.3219,0.04405205193372343,436,710,245
26,0.05,goco-score,adapt_62.0008_to_52.5656_q0.275,0.0431058770218886,444,760,242
26,0.05,goco,adapt_62.0008_to_52.5656_q0.4,0.04263796126642631,451,750,245
26,0.05,goco-rank,top2648,0.038177985302519854,582,753,414
26,0.1,global-coarse,global_37.7842,0.07864678763520302,771,1549,380
26,0.1,global-dense,global_36.6945,0.08490339591911789,822,1676,405
26,0.1,goco-score,adapt_37.7842_to_32.0342_q0.35,0.08826713556750791,873,1831,417
26,0.1,goco,adapt_37.7842_to_32.0342_q0.5,0.08616381320146319,913,1817,442
26,0.1,goco-rank,top5736,0.08034776215371996,1267,1667,820
26,0.2,global-coarse,global_27.1593,0.13521047402925762,1361,2842,683
26,0.2,global-dense,global_23.8149,0.1774692391931799,1678,3673,842
26,0.2,goco-score,adapt_27.1593_to_23.0262_q0.75,0.17498586824653412,1715,3786,830
26,0.2,goco,adapt_27.1593_to_23.0262_q0.75,0.16559632890250572,1708,3660,812
26,0.2,goco-rank,top10925,0.14994518874815307,2202,3211,1180
27,0.05,global-coarse,global_62.0008,0.042254270346947224,424,710,245
27,0.05,global-dense,global_56.5397,0.05066985834466182,495,878,269
27,0.05,goco-score,adapt_62.0008_to_52.5656_q0.5,0.048727761688043034,489,896,261
27,0.05,goco,adapt_62.0008_to_52.5656_q0.6,0.04970939968871289,486,887,269
27,0.05,goco-rank,top2648,0.044724865535788166,592,772,485
27,0.1,global-coarse,global_37.7842,0.08459916858758398,800,1675,396
27,0.1,global-dense,global_36.1117,0.09412773935943153,865,1835,435
27,0.1,goco-score,adapt_37.7842_to_32.0342_q0.4,0.09346723932987896,897,1948,436
27,0.1,goco,adapt_37.7842_to_32.0342_q0.6,0.09046404108464515,982,1989,460
27,0.1,goco-rank,top5736,0.1000960458655949,1182,1666,837
27,0.2,global-coarse,global_27.1593,0.14691169745989774,1365,2918,716
27,0.2,global-dense,global_23.8149,0.18275009968765885,1704,3805,859
27,0.2,goco-score,adapt_27.1593_to_23.0262_q0.75,0.17510184417162322,1708,3844,832
27,0.2,goco,adapt_27.1593_to_23.0262_q0.75,0.17499219080379858,1716,3768,838
27,0.2,goco-rank,top12426,0.18826638929038594,2330,3614,1280
28,0.05,global-coarse,global_62.0008,0.039861496936383155,420,643,241
28,0.05,global-dense,global_58.3796,0.043247729377228754,450,717,248
28,0.05,goco-score,adapt_62.0008_to_52.5656_q0.4,0.04367771932935358,462,766,249
28,0.05,goco,adapt_62.0008_to_52.5656_q0.6,0.045741474082392576,475,799,261
28,0.05,goco-rank,top2648,0.04014848526640004,582,747,506
28,0.1,global-coarse,global_37.7842,0.07923866002062113,786,1539,397
28,0.1,global-dense,global_34.9736,0.09602665642177434,895,1828,457
28,0.1,goco-score,adapt_37.7842_to_32.0342_q0.5,0.09685609866619382,917,1922,458
28,0.1,goco,adapt_37.7842_to_32.0342_q0.6,0.0945061764879721,962,1886,492
28,0.1,goco-rank,top5043,0.0918046670839389,1038,1472,838
28,0.2,global-coarse,global_27.1593,0.14884925560349638,1369,2883,723
28,0.2,global-dense,global_23.8149,0.19143473129235422,1692,3761,886
28,0.2,goco-score,adapt_27.1593_to_23.0262_q0.75,0.1909399949230111,1716,3866,877
28,0.2,goco,adapt_27.1593_to_23.0262_q0.75,0.191141847958956,1745,3839,895
28,0.2,goco-rank,top12426,0.2029558693501598,2313,3687,1369
29,0.05,global-coarse,global_62.0008,0.03827747896841815,417,641,230
29,0.05,global-dense,global_58.3796,0.042912307661997356,451,718,243
29,0.05,goco-score,adapt_62.0008_to_52.5656_q0.4,0.04311326516539591,466,763,244
29,0.05,goco,adapt_62.0008_to_52.5656_q0.5,0.04435250310302027,454,739,254
29,0.05,goco-rank,top2648,0.040539235967452764,573,743,501
29,0.1,global-coarse,global_37.7842,0.08058379468185012,786,1571,393
29,0.1,global-dense,global_36.1117,0.08889972483269959,853,1730,423
29,0.1,goco-score,adapt_37.7842_to_32.0342_q0.4,0.09052199696593574,898,1880,434
29,0.1,goco,adapt_37.7842_to_32.0342_q0.5,0.08832936015393608,918,1818,461
29,0.1,goco-rank,top5043,0.08506183055210775,1068,1446,829
29,0.2,global-coarse,global_27.1593,0.14130007123387348,1339,2836,703
29,0.2,global-dense,global_23.8149,0.1801925241531949,1632,3645,849
29,0.2,goco-score,adapt_27.1593_to_23.0262_q0.75,0.17447274400230178,1653,3714,824
29,0.2,goco,adapt_27.1593_to_23.0262_q0.75,0.17237620816559215,1658,3614,844
29,0.2,goco-rank,top10925,0.17983517310161912,2117,3199,1261
30,0.05,global-coarse,global_62.0008,0.03591130287448037,419,617,225
30,0.05,global-dense,global_59.3219,0.040610162145122836,451,687,240
30,0.05,goco-score,adapt_62.0008_to_52.5656_q0.3,0.037930728766475554,463,702,230
30,0.05,goco,adapt_62.0008_to_52.5656_q0.5,0.042069074216364244,494,763,250
30,0.05,goco-rank,top3012,0.04333884981381878,657,840,490
30,0.1,global-coarse,global_37.7842,0.07763789559403958,848,1569,400
30,0.1,global-dense,global_36.1117,0.08719946674021974,919,1725,433
30,0.1,goco-score,adapt_37.7842_to_32.0342_q0.4,0.08438031535880108,939,1803,425
30,0.1,goco,adapt_37.7842_to_32.0342_q0.6,0.08706336071871859,976,1815,468
30,0.1,goco-rank,top5736,0.09342159702110053,1169,1616,840
30,0.2,global-coarse,global_27.1593,0.14020893371327794,1398,2815,697
30,0.2,global-dense,global_23.8149,0.18096717638596244,1727,3696,851
30,0.2,goco-score,adapt_27.1593_to_23.0262_q0.75,0.17553997313391553,1749,3759,831
30,0.2,goco,adapt_27.1593_to_23.0262_q0.75,0.17219815910736838,1765,3684,837
30,0.2,goco-rank,top12426,0.18165590902454784,2342,3536,1327
31,0.05,global-coarse,global_62.0008,0.03691313513407018,426,671,228
31,0.05,global-dense,global_58.3796,0.04181196682231022,470,772,239
31,0.05,goco-score,adapt_62.0008_to_52.5656_q0.5,0.043752093307327065,490,843,244
31,0.05,goco,adapt_62.0008_to_52.5656_q0.6,0.04435792107492562,507,869,251
31,0.05,goco-rank,top2648,0.03817798530251985,637,783,484
31,0.1,global-coarse,global_37.7842,0.08149187960938063,825,1645,401
31,0.1,global-dense,global_36.1117,0.08898509893545062,880,1784,432
31,0.1,goco-score,adapt_37.7842_to_32.0342_q0.5,0.08861257232171589,900,1899,432
31,0.1,goco,adapt_37.7842_to_32.0342_q0.6,0.09490349442769799,971,1949,476
31,0.1,goco-rank,top5043,0.07973218800690873,1105,1476,775
31,0.2,global-coarse,global_27.1593,0.15148307652445014,1364,2893,730
31,0.2,global-dense,global_23.4366,0.20730583372433667,1713,3872,929
31,0.2,goco-score,adapt_27.1593_to_23.0262_q0.75,0.19128727167242712,1718,3846,880
31,0.2,goco,adapt_27.1593_to_23.0262_q0.75,0.18755924430972867,1710,3770,877
31,0.2,goco-rank,top12426,0.19984739206915458,2382,3676,1325
32,0.05,global-coarse,global_62.0008,0.04076088027267175,424,681,242
32,0.05,global-dense,global_58.3796,0.04655318478239455,474,794,258
32,0.05,goco-score,adapt_62.0008_to_52.5656_q0.5,0.04725899875879189,493,862,260
32,0.05,goco,adapt_62.0008_to_52.5656_q0.5,0.048226845558248126,507,876,273
32,0.05,goco-rank,top3012,0.044916375170822836,694,913,497
32,0.1,global-coarse,global_37.7842,0.08305718094712716,863,1721,425
32,0.1,global-dense,global_35.5381,0.09375898890793388,962,1946,468
32,0.1,goco-score,adapt_37.7842_to_32.0342_q0.5,0.0902330384643169,976,2019,456
32,0.1,goco,adapt_37.7842_to_32.0342_q0.5,0.09319716163944547,1018,2016,492
32,0.1,goco-rank,top5736,0.0847949985930954,1270,1740,834
32,0.2,global-coarse,global_27.1593,0.1507219094517398,1445,3063,737
32,0.2,global-dense,global_23.4366,0.20045210653311357,1775,4023,903
32,0.2,goco-score,adapt_27.1593_to_23.0262_q0.75,0.18533187724333772,1770,3993,856
32,0.2,goco,adapt_27.1593_to_23.0262_q0.75,0.1828654612063797,1798,3967,864
32,0.2,goco-rank,top12426,0.1899363026069687,2401,3699,1350
33,0.05,global-coarse,global_62.0008,0.035777331205548005,476,722,250
33,0.05,global-dense,global_58.3796,0.04076974604488051,527,820,263
33,0.05,goco-score,adapt_62.0008_to_52.5656_q0.35,0.040424473471639376,538,846,262
33,0.05,goco,adapt_62.0008_to_52.5656_q0.5,0.03902318891975491,552,859,265
33,0.05,goco-rank,top2648,0.032960970900565434,687,810,492
33,0.1,global-coarse,global_37.7842,0.08002919137590217,928,1677,428
33,0.1,global-dense,global_36.6945,0.08595612427842464,978,1816,445
33,0.1,goco-score,adapt_37.7842_to_32.0342_q0.275,0.08598190069021677,1023,1928,445
33,0.1,goco,adapt_37.7842_to_32.0342_q0.275,0.08332758699949432,1049,1857,478
33,0.1,goco-rank,top5043,0.07258309198731208,1197,1519,824
33,0.2,global-coarse,global_27.1593,0.14382071176651234,1550,3030,738
33,0.2,global-dense,global_23.8149,0.180501398798875,1919,3931,898
33,0.2,goco-score,adapt_27.1593_to_23.0262_q0.75,0.17896847687211287,1958,4036,889
33,0.2,goco,adapt_27.1593_to_23.0262_q0.75,0.17128449418813022,1969,3943,882
33,0.2,goco-rank,top10925,0.17774952808879163,2363,3407,1354
34,0.05,global-coarse,global_62.0008,0.04288472525957011,378,655,230
34,0.05,global-dense,global_56.5397,0.05113334121401974,440,791,258
34,0.05,goco-score,adapt_62.0008_to_52.5656_q0.5,0.04927546939338416,433,797,248
34,0.05,goco,adapt_62.0008_to_52.5656_q0.6,0.04857605847469314,441,791,257
34,0.05,goco-rank,top3426,0.04704441882762114,734,994,507
34,0.1,global-coarse,global_37.7842,0.0874363798753538,819,1677,410
34,0.1,global-dense,global_34.9736,0.10348933808801412,920,1939,472
34,0.1,goco-score,adapt_37.7842_to_32.0342_q0.4,0.09664939482895626,927,1976,449
34,0.1,goco,adapt_37.7842_to_32.0342_q0.5,0.09657485667001596,972,1936,485
34,0.1,goco-rank,top5736,0.08797913317857829,1154,1686,773
34,0.2,global-coarse,global_27.1593,0.15442030502022225,1392,3017,725
34,0.2,global-dense,global_23.8149,0.19105186169181398,1695,3882,861
34,0.2,goco-score,adapt_27.1593_to_23.0262_q0.75,0.18857635049529473,1734,3986,852
34,0.2,goco,adapt_27.1593_to_23.0262_q0.75,0.1874184716895053,1752,3938,861
34,0.2,goco-rank,top12426,0.18526316327880904,2332,3741,1283
35,0.05,global-coarse,global_62.0008,0.03517938412435723,394,617,217
35,0.05,global-dense,global_58.3796,0.04220156825659516,426,700,235
35,0.05,goco-score,adapt_62.0008_to_52.5656_q0.35,0.041938057804834804,441,758,235
35,0.05,goco,adapt_62.0008_to_52.5656_q0.6,0.04141596233031897,461,771,238
35,0.05,goco-rank,top3012,0.04046207091304319,623,834,435
35,0.1,global-coarse,global_37.7842,0.07775101628018467,815,1582,387
35,0.1,global-dense,global_36.1117,0.08535752047336656,898,1745,420
35,0.1,goco-score,adapt_37.7842_to_32.0342_q0.4,0.08601210998811329,933,1884,423
35,0.1,goco,adapt_37.7842_to_32.0342_q0.5,0.08544158112838295,963,1869,451
35,0.1,goco-rank,top5736,0.08432273261607147,1141,1624,749
35,0.2,global-coarse,global_27.1593,0.13454815308352752,1385,2826,674
35,0.2,global-dense,global_23.8149,0.17403910376688658,1694,3665,830
35,0.2,goco-score,adapt_27.1593_to_23.0262_q0.75,0.1702925499682698,1720,3748,813
35,0.2,goco,adapt_27.1593_to_23.0262_q0.75,0.16329979900572159,1731,3678,804
35,0.2,goco-rank,top12426,0.17009111825516457,2299,3503,1194
36,0.05,global-coarse,global_62.0008,0.04497212207183245,435,708,261
36,0.05,global-dense,global_56.5397,0.05229919025947159,511,877,283
36,0.05,goco-score,adapt_62.0008_to_52.5656_q0.5,0.05142443406820734,512,908,279
36,0.05,goco,adapt_62.0008_to_52.5656_q0.75,0.05337982938313926,520,917,289
36,0.05,goco-rank,top3012,0.046531512894773135,678,905,472
36,0.1,global-coarse,global_37.7842,0.08638283061121291,864,1721,420
36,0.1,global-dense,global_36.1117,0.09453244544266472,924,1887,450
36,0.1,goco-score,adapt_37.7842_to_32.0342_q0.4,0.09461371502124502,950,2021,452
36,0.1,goco,adapt_37.7842_to_32.0342_q0.5,0.0908242541258677,1006,1989,469
36,0.1,goco-rank,top5736,0.09068108832279291,1192,1708,776
36,0.2,global-coarse,global_27.1593,0.14217785731025284,1424,3007,706
36,0.2,global-dense,global_23.8149,0.1765311714848087,1744,3869,852
36,0.2,goco-score,adapt_27.1593_to_23.0262_q0.75,0.17206456094844713,1763,3921,835
36,0.2,goco,adapt_27.1593_to_23.0262_q0.75,0.167918991536018,1773,3847,838
36,0.2,goco-rank,top10925,0.17543007491290485,2069,3243,1195
37,0.05,global-coarse,global_62.0008,0.035742853202513934,505,738,254
37,0.05,global-dense,global_59.3219,0.04076876095907954,537,812,265
37,0.05,goco-score,adapt_62.0008_to_52.5656_q0.3,0.03806076009220403,551,851,256
37,0.05,goco,adapt_62.0008_to_52.5656_q0.4,0.037535216817384795,548,815,260
37,0.05,goco-rank,top2648,0.036891463246448764,667,821,498
37,0.1,global-coarse,global_37.7842,0.0785545179318452,950,1753,419
37,0.1,global-dense,global_36.1117,0.08953937387946491,1028,1927,451
37,0.1,goco-score,adapt_37.7842_to_32.0342_q0.4,0.08810361132454636,1062,2035,449
37,0.1,goco,adapt_37.7842_to_32.0342_q0.4,0.08694055335553061,1060,1963,476
37,0.1,goco-rank,top5736,0.0865215635281833,1313,1751,841
37,0.2,global-coarse,global_27.1593,0.1476056892585647,1523,3065,725
37,0.2,global-dense,global_23.8149,0.1859692964997272,1876,3965,875
37,0.2,goco-score,adapt_27.1593_to_23.0262_q0.75,0.18241673770910677,1902,4035,858
37,0.2,goco,adapt_27.1593_to_23.0262_q0.75,0.17569827803243443,1925,3937,860
37,0.2,goco-rank,top12426,0.17065654004676611,2596,3830,1267
38,0.05,global-coarse,global_62.0008,0.04319995271588155,405,674,239
38,0.05,global-dense,global_56.5397,0.051981992631558206,471,822,269
38,0.05,goco-score,adapt_62.0008_to_52.5656_q0.5,0.05084520361723506,466,839,260
38,0.05,goco,adapt_62.0008_to_52.5656_q0.5,0.04815641192347854,471,820,260
38,0.05,goco-rank,top3426,0.05677443505329313,766,1073,534
38,0.1,global-coarse,global_37.7842,0.08792777350907265,813,1669,421
38,0.1,global-dense,global_34.418,0.10363332479592305,936,1980,482
38,0.1,goco-score,adapt_37.7842_to_32.0342_q0.75,0.1046562617725216,967,2087,489
38,0.1,goco,adapt_37.7842_to_32.0342_q0.6,0.10142370271662783,964,1993,494
38,0.1,goco-rank,top5736,0.09960629404154435,1188,1756,826
38,0.2,global-coarse,global_27.1593,0.15518595549625752,1331,2935,721
38,0.2,global-dense,global_23.8149,0.19193551121013458,1631,3789,867
38,0.2,goco-score,adapt_27.1593_to_23.0262_q0.75,0.18745099377111596,1660,3872,849
38,0.2,goco,adapt_27.1593_to_23.0262_q0.75,0.18633386169618493,1695,3827,882
38,0.2,goco-rank,top10925,0.1866676099609488,2050,3256,1263
39,0.05,global-coarse,global_62.0008,0.03882518667375928,391,598,220
39,0.05,global-dense,global_56.5397,0.04843962409125835,441,735,252
39,0.05,goco-score,adapt_62.0008_to_52.5656_q0.6,0.048132277321354694,440,770,244
39,0.05,goco,adapt_62.0008_to_52.5656_q0.6,0.047775676261402375,444,748,252
39,0.05,goco-rank,top2648,0.03845573472176699,550,730,417
39,0.1,global-coarse,global_37.7842,0.0862395006271713,741,1541,404
39,0.1,global-dense,global_34.9736,0.10079775531782152,827,1814,459
39,0.1,goco-score,adapt_37.7842_to_32.0342_q0.5,0.10133511962225243,840,1899,458
39,0.1,goco,adapt_37.7842_to_32.0342_q0.6,0.0976133012852086,909,1923,470
39,0.1,goco-rank,top5043,0.08723507564012323,1006,1415,755
39,0.2,global-coarse,global_27.1593,0.15542398689895587,1251,2837,717
39,0.2,global-dense,global_23.4366,0.20778343110049893,1554,3784,890
39,0.2,goco-score,adapt_27.1593_to_23.0262_q0.75,0.19186321873750384,1546,3734,840
39,0.2,goco,adapt_27.1593_to_23.0262_q0.75,0.18882705456149687,1559,3679,841
39,0.2,goco-rank,top10925,0.17918326913769733,2052,3131,1226
40,0.05,global-coarse,global_62.0008,0.03786768327521327,487,738,251
40,0.05,global-dense,global_58.3796,0.0424793624524696,535,830,265
40,0.05,goco-score,adapt_62.0008_to_52.5656_q0.4,0.04377524282364994,554,890,268
40,0.05,goco,adapt_62.0008_to_52.5656_q0.5,0.0417981756210966,558,865,272
40,0.05,goco-rank,top3012,0.0519239173459281,683,925,520
40,0.1,global-coarse,global_37.7842,0.07832794819762134,927,1740,416
40,0.1,global-dense,global_36.1117,0.08969107709281478,997,1901,456
40,0.1,goco-score,adapt_37.7842_to_32.0342_q0.4,0.09091783727696015,1041,2043,467
40,0.1,goco,adapt_37.7842_to_32.0342_q0.6,0.08818553762699397,1064,1996,487
40,0.1,goco-rank,top6525,0.11702781427646963,1354,2015,900
40,0.2,global-coarse,global_27.1593,0.14221587266684493,1475,2947,714
40,0.2,global-dense,global_23.8149,0.18027415375938993,1808,3792,874
40,0.2,goco-score,adapt_27.1593_to_23.0262_q0.75,0.1730877196837223,1834,3860,848
40,0.2,goco,adapt_27.1593_to_23.0262_q0.75,0.17646181286348125,1869,3854,878
40,0.2,goco-rank,top12426,0.19598277778675013,2366,3814,1304
41,0.05,global-coarse,global_62.0008,0.0420227751837185,406,691,234
41,0.05,global-dense,global_58.3796,0.04682112812025927,446,787,245
41,0.05,goco-score,adapt_62.0008_to_52.5656_q0.5,0.04745010540418071,455,842,247
41,0.05,goco,adapt_62.0008_to_52.5656_q0.6,0.04574590696849695,445,785,252
41,0.05,goco-rank,top2648,0.03685402998601178,592,762,467
41,0.1,global-coarse,global_37.7842,0.09446644469399951,833,1783,428
41,0.1,global-dense,global_34.418,0.10960146712111958,965,2102,498
41,0.1,goco-score,adapt_37.7842_to_32.0342_q0.6,0.10829442244419488,953,2147,484
41,0.1,goco,adapt_37.7842_to_32.0342_q0.5,0.10580297627256668,983,2078,512
41,0.1,goco-rank,top5736,0.0811994733074584,1252,1702,857
41,0.2,global-coarse,global_27.1593,0.15878474143885812,1382,3091,746
41,0.2,global-dense,global_23.4366,0.20853560208953378,1725,4095,921
41,0.2,goco-score,adapt_27.1593_to_23.0262_q0.75,0.19573711774878752,1731,4070,881
41,0.2,goco,adapt_27.1593_to_23.0262_q0.75,0.19242603541412226,1737,3988,891
41,0.2,goco-rank,top10925,0.16065478905776795,2176,3188,1295
42,0.05,global-coarse,global_62.0008,0.043358551529838245,486,771,255
42,0.05,global-dense,global_55.6416,0.05187806607955552,565,949,278
42,0.05,goco-score,adapt_62.0008_to_52.5656_q0.6,0.052802076560868445,554,965,276
42,0.05,goco,adapt_62.0008_to_52.5656_q0.75,0.053159170163721264,573,987,282
42,0.05,goco-rank,top3012,0.04252658342439063,649,835,475
42,0.1,global-coarse,global_37.7842,0.08559985158040599,867,1713,403
42,0.1,global-dense,global_35.5381,0.09466001405389075,968,1956,445
42,0.1,goco-score,adapt_37.7842_to_32.0342_q0.5,0.09612303064930289,999,2065,451
42,0.1,goco,adapt_37.7842_to_32.0342_q0.6,0.09321768426029906,1058,2042,479
42,0.1,goco-rank,top5736,0.0880364746813188,1152,1601,802
42,0.2,global-coarse,global_27.1593,0.1443128321593361,1414,2968,694
42,0.2,global-dense,global_23.8149,0.18511190969786945,1743,3847,851
42,0.2,goco-score,adapt_27.1593_to_23.0262_q0.75,0.18067127355623058,1761,3919,827
42,0.2,goco,adapt_27.1593_to_23.0262_q0.75,0.18084603673264874,1800,3898,853
42,0.2,goco-rank,top12426,0.18239915580995472,2270,3534,1308
43,0.05,global-coarse,global_62.0008,0.03935220757727998,449,699,238
43,0.05,global-dense,global_57.4523,0.045674488247926394,499,818,256
43,0.05,goco-score,adapt_62.0008_to_52.5656_q0.5,0.046301002817345394,503,863,252
43,0.05,goco,adapt_62.0008_to_52.5656_q0.6,0.04619313592213881,523,863,263
43,0.05,goco-rank,top2648,0.03388748887300811,601,764,431
43,0.1,global-coarse,global_37.7842,0.08289710450446901,857,1691,411
43,0.1,global-dense,global_34.418,0.10071254539603733,1013,2038,483
43,0.1,goco-score,adapt_37.7842_to_32.0342_q0.5,0.09508770547247998,966,2010,451
43,0.1,goco,adapt_37.7842_to_32.0342_q0.6,0.0946784023221756,1030,2020,480
43,0.1,goco-rank,top5043,0.07316856131502386,1110,1485,759
43,0.2,global-coarse,global_27.1593,0.14639054688703013,1432,2956,713
43,0.2,global-dense,global_23.8149,0.19048758014198566,1772,3892,868
43,0.2,goco-score,adapt_27.1593_to_23.0262_q0.75,0.18419988031035153,1801,3952,843
43,0.2,goco,adapt_27.1593_to_23.0262_q0.75,0.17884387925720527,1828,3895,853
43,0.2,goco-rank,top10925,0.1648287571849839,2193,3234,1232
44,0.05,global-coarse,global_62.0008,0.03990681088322792,406,657,239
44,0.05,global-dense,global_56.5397,0.05081023307130051,468,818,269
44,0.05,goco-score,adapt_62.0008_to_52.5656_q0.6,0.05066591800145792,461,851,262
44,0.05,goco,adapt_62.0008_to_52.5656_q0.6,0.04975372854975668,473,833,275
44,0.05,goco-rank,top3012,0.051014404372070846,602,867,556
44,0.1,global-coarse,global_37.7842,0.08916914579926578,806,1686,419
44,0.1,global-dense,global_34.9736,0.10043869154336676,898,1936,464
44,0.1,goco-score,adapt_37.7842_to_32.0342_q0.5,0.10028124199617786,928,2027,464
44,0.1,goco,adapt_37.7842_to_32.0342_q0.75,0.10113596810948901,1002,2045,503
44,0.1,goco-rank,top5736,0.09877992665668356,1117,1696,881
44,0.2,global-coarse,global_27.1593,0.15067927751005944,1390,2979,717
44,0.2,global-dense,global_23.8149,0.18979534247489177,1699,3860,870
44,0.2,goco-score,adapt_27.1593_to_23.0262_q0.75,0.18945932623680928,1730,3942,865
44,0.2,goco,adapt_27.1593_to_23.0262_q0.75,0.17974041002223726,1738,3806,857
44,0.2,goco-rank,top12426,0.19373292017981758,2250,3757,1345
45,0.05,global-coarse,global_62.0008,0.03475481214413775,355,559,205
45,0.05,global-dense,global_58.3796,0.040226471225643746,397,650,219
45,0.05,goco-score,adapt_62.0008_to_52.5656_q0.4,0.039564986110290204,409,687,218
45,0.05,goco,adapt_62.0008_to_52.5656_q0.5,0.038554288078491636,409,672,224
45,0.05,goco-rank,top2648,0.03790216127824733,582,737,451
45,0.1,global-coarse,global_37.7842,0.07554146882860163,709,1417,370
45,0.1,global-dense,global_36.1117,0.08347764840317591,782,1592,402
45,0.1,goco-score,adapt_37.7842_to_32.0342_q0.35,0.0823615461906732,807,1693,401
45,0.1,goco,adapt_37.7842_to_32.0342_q0.4,0.08319410787346244,805,1605,422
45,0.1,goco-rank,top4433,0.06941998148038693,913,1207,709
45,0.2,global-coarse,global_27.1593,0.13426155281761407,1207,2568,656
45,0.2,global-dense,global_23.8149,0.17160580018090224,1481,3324,809
45,0.2,goco-score,adapt_27.1593_to_23.0262_q0.75,0.1677562651371494,1503,3401,795
45,0.2,goco,adapt_27.1593_to_23.0262_q0.75,0.17161229854427915,1525,3361,824
45,0.2,goco-rank,top9604,0.15757877253533026,1880,2709,1267
46,0.05,global-coarse,global_62.0008,0.033832771834426775,423,645,237
46,0.05,global-dense,global_58.3796,0.04084461256575448,467,737,252
46,0.05,goco-score,adapt_62.0008_to_52.5656_q0.4,0.040966763205075155,480,780,253
46,0.05,goco,adapt_62.0008_to_52.5656_q0.6,0.036336859940500815,461,732,246
46,0.05,goco-rank,top2648,0.04661426010205488,549,711,515
46,0.1,global-coarse,global_37.7842,0.07134795857385846,840,1585,382
46,0.1,global-dense,global_36.6945,0.07984071162598262,888,1710,411
46,0.1,goco-score,adapt_37.7842_to_32.0342_q0.4,0.08130963873620059,944,1850,422
46,0.1,goco,adapt_37.7842_to_32.0342_q0.35,0.07717556199144947,912,1704,429
46,0.1,goco-rank,top5736,0.0971038477451386,1177,1623,890
46,0.2,global-coarse,global_27.1593,0.13696638143266196,1407,2835,703
46,0.2,global-dense,global_23.8149,0.17677885255460762,1741,3718,857
46,0.2,goco-score,adapt_27.1593_to_23.0262_q0.75,0.17460077976274524,1778,3814,848
46,0.2,goco,adapt_27.1593_to_23.0262_q0.75,0.1741094159801113,1789,3721,857
46,0.2,goco-rank,top12426,0.1893150315558477,2314,3520,1347
47,0.05,global-coarse,global_62.0008,0.03973146561065469,482,724,251
47,0.05,global-dense,global_56.5397,0.04879031463640483,549,858,275
47,0.05,goco-score,adapt_62.0008_to_52.5656_q0.5,0.04761018184683886,547,871,271
47,0.05,goco,adapt_62.0008_to_52.5656_q0.75,0.04594046141418918,547,861,272
47,0.05,goco-rank,top3012,0.042083850503378845,751,926,554
47,0.1,global-coarse,global_37.7842,0.0828783878742505,888,1709,421
47,0.1,global-dense,global_36.1117,0.0921728365874001,969,1893,452
47,0.1,goco-score,adapt_37.7842_to_32.0342_q0.5,0.09476426896782711,1007,2036,465
47,0.1,goco,adapt_37.7842_to_32.0342_q0.6,0.09270675309152761,1059,2025,492
47,0.1,goco-rank,top5736,0.09087416513978366,1323,1763,897
47,0.2,global-coarse,global_27.1593,0.149552627531527,1457,3011,736
47,0.2,global-dense,global_23.8149,0.1860766901674412,1823,3953,871
47,0.2,goco-score,adapt_27.1593_to_23.0262_q0.75,0.18094006441120394,1856,4054,848
47,0.2,goco,adapt_27.1593_to_23.0262_q0.75,0.18416786221905967,1880,4024,870
47,0.2,goco-rank,top12426,0.19024315824166518,2538,3752,1406
48,0.05,global-coarse,global_62.0008,0.03961227022873692,427,690,236
48,0.05,global-dense,global_56.5397,0.04701568256595149,503,839,261
48,0.05,goco-score,adapt_62.0008_to_52.5656_q0.6,0.04804854502827196,505,876,260
48,0.05,goco,adapt_62.0008_to_52.5656_q0.5,0.043548673089426095,480,790,255
48,0.05,goco-rank,top2648,0.04181492207971314,562,721,476
48,0.1,global-coarse,global_37.7842,0.0827902226950634,818,1653,394
48,0.1,global-dense,global_35.5381,0.09275814173414504,907,1893,432
48,0.1,goco-score,adapt_37.7842_to_32.0342_q0.4,0.08847088414734257,914,1912,417
48,0.1,goco,adapt_37.7842_to_32.0342_q0.6,0.09351994142023104,982,1992,471
48,0.1,goco-rank,top5736,0.09810715763342988,1154,1596,875
48,0.2,global-coarse,global_27.1593,0.14644521914898415,1333,2868,711
48,0.2,global-dense,global_23.0644,0.1965180618068252,1696,3921,899
48,0.2,goco-score,adapt_27.1593_to_23.0262_q0.75,0.18070349435800043,1662,3796,843
48,0.2,goco,adapt_27.1593_to_23.0262_q0.75,0.17669986685416608,1664,3744,833
48,0.2,goco-rank,top10925,0.17932497706646505,2044,3124,1281
49,0.05,global-coarse,global_62.0008,0.042922158520007095,380,621,236
49,0.05,global-dense,global_56.5397,0.05099739937348542,457,779,262
49,0.05,goco-score,adapt_62.0008_to_52.5656_q0.6,0.05069842583289005,446,805,255
49,0.05,goco,adapt_62.0008_to_52.5656_q0.6,0.0507181275489095,463,792,269
49,0.05,goco-rank,top2046,0.03338849813818784,464,587,409
49,0.1,global-coarse,global_37.7842,0.0844885106159413,797,1618,405
49,0.1,global-dense,global_36.1117,0.09545711264784495,890,1814,452
49,0.1,goco-score,adapt_37.7842_to_32.0342_q0.4,0.09322835602314296,911,1920,448
49,0.1,goco,adapt_37.7842_to_32.0342_q0.4,0.08967433063419823,912,1804,462
49,0.1,goco-rank,top4433,0.08510550268928423,960,1308,771
49,0.2,global-coarse,global_27.1593,0.1430188025554182,1364,2863,702
49,0.2,global-dense,global_23.8149,0.1790620983163391,1701,3706,857
49,0.2,goco-score,adapt_27.1593_to_23.0262_q0.75,0.17796900875766264,1724,3809,850
49,0.2,goco,adapt_27.1593_to_23.0262_q0.75,0.17016236796591636,1718,3683,841
49,0.2,goco-rank,top10925,0.19708025390689848,2084,3206,1334
