repeat,alpha,delta,arm,label,fdp,correct,total,units
0,0.05,0.5,goco-rank,top2097,0.04488315961511403,187,637,294
0,0.05,0.1,goco-rank,top2097,0.04488315961511403,187,637,294
0,0.1,0.5,goco-rank,top3994,0.09421957463061303,235,1255,539
0,0.1,0.1,goco-rank,top3994,0.09421957463061303,235,1255,539
0,0.2,0.5,goco-rank,top11197,0.19494356798757553,431,3462,1041
0,0.2,0.1,goco-rank,top11197,0.19494356798757553,431,3462,1041
1,0.05,0.5,goco-rank,top1844,0.04559388128404591,141,591,285
1,0.05,0.1,goco-rank,top1844,0.04559388128404591,141,591,285
1,0.1,0.5,goco-rank,top3087,0.08485338063746675,170,962,481
1,0.1,0.1,goco-rank,top3087,0.08485338063746675,170,962,481
1,0.2,0.5,goco-rank,top9843,0.18336577708675642,368,2939,1002
1,0.2,0.1,goco-rank,top9843,0.18336577708675642,368,2939,1002
2,0.05,0.5,goco-rank,top1844,0.04609137872118032,156,565,288
2,0.05,0.1,goco-rank,top1621,0.044079795726059974,150,501,280
2,0.1,0.5,goco-rank,top3512,0.0979591640946643,193,1099,548
2,0.1,0.1,goco-rank,top3087,0.08920179300086435,187,966,506
2,0.2,0.5,goco-rank,top11197,0.19836665638427986,364,3368,1048
2,0.2,0.1,goco-rank,top11197,0.19836665638427986,364,3368,1048
3,0.05,0.5,goco-rank,top2097,0.05224629153502095,211,676,337
3,0.05,0.1,goco-rank,top2097,0.05224629153502095,211,676,337
3,0.1,0.5,goco-rank,top3994,0.10005430056084341,266,1305,585
3,0.1,0.1,goco-rank,top3994,0.10005430056084341,266,1305,585
3,0.2,0.5,goco-rank,top11197,0.1888271600122592,430,3381,1024
3,0.2,0.1,goco-rank,top11197,0.1888271600122592,430,3381,1024
4,0.05,0.5,goco-rank,top1844,0.045971618433627716,206,637,301
4,0.05,0.1,goco-rank,top1844,0.045971618433627716,206,637,301
4,0.1,0.5,goco-rank,top3087,0.09279751778168832,242,1040,539
4,0.1,0.1,goco-rank,top3087,0.09279751778168832,242,1040,539
4,0.2,0.5,goco-rank,top8653,0.19602296477032652,423,2878,1070
4,0.2,0.1,goco-rank,top8653,0.19602296477032652,423,2878,1070
5,0.05,0.5,goco-rank,top1844,0.04725547247180848,175,570,309
5,0.05,0.1,goco-rank,top1621,0.041367916943054125,165,506,275
5,0.1,0.5,goco-rank,top3994,0.08857890854513903,227,1155,519
5,0.1,0.1,goco-rank,top3994,0.08857890854513903,227,1155,519
5,0.2,0.5,goco-rank,top11197,0.18391567329503913,395,3335,988
5,0.2,0.1,goco-rank,top11197,0.18391567329503913,395,3335,988
6,0.05,0.5,goco-rank,top1844,0.042720205431264945,157,519,275
6,0.05,0.1,goco-rank,top1844,0.042720205431264945,157,519,275
6,0.1,0.5,goco-rank,top3994,0.08302666507077651,218,1223,483
6,0.1,0.1,goco-rank,top3994,0.08302666507077651,218,1223,483
6,0.2,0.5,goco-rank,top12736,0.19689135897948173,408,3794,1056
6,0.2,0.1,goco-rank,top11197,0.1811370228531532,370,3354,973
7,0.05,0.5,goco-rank,top1844,0.04496565942851295,177,570,289
7,0.05,0.1,goco-rank,top1844,0.04496565942851295,177,570,289
7,0.1,0.5,goco-rank,top3087,0.09289501479243986,202,957,531
7,0.1,0.1,goco-rank,top3087,0.09289501479243986,202,957,531
7,0.2,0.5,goco-rank,top9843,0.19984258606753827,336,3013,1073
7,0.2,0.1,goco-rank,top8653,0.1893061695351691,315,2673,1020
8,0.05,0.5,goco-rank,top2386,0.05865821423546202,257,842,375
8,0.05,0.1,goco-rank,top2097,0.049073766976890656,253,741,330
8,0.1,0.5,goco-rank,top4544,0.10239870818173899,321,1536,599
8,0.1,0.1,goco-rank,top4544,0.10239870818173899,321,1536,599
8,0.2,0.5,goco-rank,top11197,0.18581547147682353,493,3527,1016
8,0.2,0.1,goco-rank,top11197,0.18581547147682353,493,3527,1016
9,0.05,0.5,goco-rank,top2097,0.05024806770347403,218,766,327
9,0.05,0.1,goco-rank,top2097,0.05024806770347403,218,766,327
9,0.1,0.5,goco-rank,top4544,0.10098087094182492,283,1587,579
9,0.1,0.1,goco-rank,top3994,0.08735614490427565,270,1412,510
9,0.2,0.5,goco-rank,top11197,0.18778012826539786,456,3674,1011
9,0.2,0.1,goco-rank,top11197,0.18778012826539786,456,3674,1011
10,0.05,0.5,goco-rank,top2386,0.051271900089966786,213,749,325
10,0.05,0.1,goco-rank,top2097,0.048347774007335004,201,657,310
10,0.1,0.5,goco-rank,top5169,0.09436358983726979,294,1582,542
10,0.1,0.1,goco-rank,top4544,0.08545333295846078,285,1437,498
10,0.2,0.5,goco-rank,top12736,0.1959079880409777,476,3852,1053
10,0.2,0.1,goco-rank,top11197,0.17662932948343785,441,3405,957
11,0.05,0.5,goco-rank,top1844,0.04606022231602645,145,561,283
11,0.05,0.1,goco-rank,top1621,0.04062192204868439,131,489,253
11,0.1,0.5,goco-rank,top3087,0.08684914939663778,174,934,492
11,0.1,0.1,goco-rank,top3087,0.08684914939663778,174,934,492
11,0.2,0.5,goco-rank,top9843,0.1861188965259931,334,2813,997
11,0.2,0.1,goco-rank,top9843,0.1861188965259931,334,2813,997
12,0.05,0.5,goco-rank,top2097,0.054747468656290946,172,719,338
12,0.05,0.1,goco-rank,top2097,0.054747468656290946,172,719,338
12,0.1,0.5,goco-rank,top3994,0.10272286634148178,217,1353,581
12,0.1,0.1,goco-rank,top3994,0.10272286634148178,217,1353,581
12,0.2,0.5,goco-rank,top11197,0.1967302285440368,393,3554,1047
12,0.2,0.1,goco-rank,top11197,0.1967302285440368,393,3554,1047
13,0.05,0.5,goco-rank,top1844,0.044371327396865605,173,591,279
13,0.05,0.1,goco-rank,top1844,0.044371327396865605,173,591,279
13,0.1,0.5,goco-rank,top3512,0.09678157837191184,201,1177,533
13,0.1,0.1,goco-rank,top3512,0.09678157837191184,201,1177,533
13,0.2,0.5,goco-rank,top11197,0.19160576342213073,365,3336,1015
13,0.2,0.1,goco-rank,top11197,0.19160576342213073,365,3336,1015
14,0.05,0.5,goco-rank,top2097,0.05223266953955009,191,717,332
14,0.05,0.1,goco-rank,top1844,0.048804871082203286,183,642,313
14,0.1,0.5,goco-rank,top3512,0.08643270590915415,217,1182,500
14,0.1,0.1,goco-rank,top3512,0.08643270590915415,217,1182,500
14,0.2,0.5,goco-rank,top11197,0.19074856742385235,379,3392,1014
14,0.2,0.1,goco-rank,top11197,0.19074856742385235,379,3392,1014
15,0.05,0.5,goco-rank,top2097,0.04699896510787182,178,640,301
15,0.05,0.1,goco-rank,top1844,0.04299985929365414,164,568,278
15,0.1,0.5,goco-rank,top3994,0.08905089739302488,242,1254,513
15,0.1,0.1,goco-rank,top3994,0.08905089739302488,242,1254,513
15,0.2,0.5,goco-rank,top11197,0.19003154648089604,402,3335,1012
15,0.2,0.1,goco-rank,top11197,0.19003154648089604,402,3335,1012
16,0.05,0.5,goco-rank,top1621,0.03782186576614606,118,451,241
16,0.05,0.1,goco-rank,top1621,0.03782186576614606,118,451,241
16,0.1,0.5,goco-rank,top3087,0.09653510623329112,155,928,537
16,0.1,0.1,goco-rank,top2714,0.08514140987758549,143,809,479
16,0.2,0.5,goco-rank,top8653,0.1907253503496644,281,2643,1012
16,0.2,0.1,goco-rank,top8653,0.1907253503496644,281,2643,1012
17,0.05,0.5,goco-rank,top1844,0.04903925280666522,161,586,296
17,0.05,0.1,goco-rank,top1844,0.04903925280666522,161,586,296
17,0.1,0.5,goco-rank,top3512,0.0901012019732999,208,1164,509
17,0.1,0.1,goco-rank,top3512,0.0901012019732999,208,1164,509
17,0.2,0.5,goco-rank,top11197,0.20100876462202075,403,3570,1064
17,0.2,0.1,goco-rank,top11197,0.20100876462202075,403,3570,1064
18,0.05,0.5,goco-rank,top1844,0.04609577960147821,184,603,296
18,0.05,0.1,goco-rank,top1621,0.04286638622856436,167,519,276
18,0.1,0.5,goco-rank,top3512,0.09957032386358486,224,1153,558
18,0.1,0.1,goco-rank,top3087,0.08332753506380998,219,1010,482
18,0.2,0.5,goco-rank,top9843,0.19150863558841608,404,3068,1024
18,0.2,0.1,goco-rank,top9843,0.19150863558841608,404,3068,1024
19,0.05,0.5,goco-rank,top1844,0.04863146327899388,173,608,312
19,0.05,0.1,goco-rank,top1844,0.04863146327899388,173,608,312
19,0.1,0.5,goco-rank,top3512,0.10116015732309527,235,1130,591
19,0.1,0.1,goco-rank,top3087,0.08979225713079661,219,1004,529
19,0.2,0.5,goco-rank,top9843,0.19477636271378357,384,3108,1044
19,0.2,0.1,goco-rank,top9843,0.19477636271378357,384,3108,1044
20,0.05,0.5,goco-rank,top1844,0.04381401277771055,204,580,296
20,0.05,0.1,goco-rank,top1621,0.03796086658053733,181,499,257
20,0.1,0.5,goco-rank,top3512,0.09270271553407898,257,1109,545
20,0.1,0.1,goco-rank,top3087,0.07784814559297464,250,965,474
20,0.2,0.5,goco-rank,top11197,0.19841065797401472,409,3344,1065
20,0.2,0.1,goco-rank,top9843,0.18146758813034836,391,2971,981
21,0.05,0.5,goco-rank,top1844,0.05083670023518061,136,600,311
21,0.05,0.1,goco-rank,top1844,0.05083670023518061,136,600,311
21,0.1,0.5,goco-rank,top3994,0.1008726306056403,200,1196,567
21,0.1,0.1,goco-rank,top3512,0.09088072122052704,182,1064,516
21,0.2,0.5,goco-rank,top11197,0.19295056253005746,400,3306,1031
21,0.2,0.1,goco-rank,top11197,0.19295056253005746,400,3306,1031
22,0.05,0.5,goco-rank,top1844,0.05262721132813999,187,641,343
22,0.05,0.1,goco-rank,top1844,0.05262721132813999,187,641,343
22,0.1,0.5,goco-rank,top3512,0.10507994069623448,266,1183,622
22,0.1,0.1,goco-rank,top3087,0.09337669037964522,258,1052,568
22,0.2,0.5,goco-rank,top9843,0.20478665439630223,445,3097,1119
22,0.2,0.1,goco-rank,top8653,0.19139361939594104,412,2747,1052
23,0.05,0.5,goco-rank,top2097,0.05141693879030308,209,698,329
23,0.05,0.1,goco-rank,top1844,0.043341567091039444,199,606,290
23,0.1,0.5,goco-rank,top3512,0.08608403579910545,235,1160,501
23,0.1,0.1,goco-rank,top3512,0.08608403579910545,235,1160,501
23,0.2,0.5,goco-rank,top11197,0.18891772294579232,433,3475,1018
23,0.2,0.1,goco-rank,top11197,0.18891772294579232,433,3475,1018
24,0.05,0.5,goco-rank,top1844,0.04661450481416712,190,593,312
24,0.05,0.1,goco-rank,top1844,0.04661450481416712,190,593,312
24,0.1,0.5,goco-rank,top5169,0.0966317080003179,286,1548,565
24,0.1,0.1,goco-rank,top4544,0.08571584221828052,277,1362,514
24,0.2,0.5,goco-rank,top12736,0.1888637271128822,460,3663,1023
24,0.2,0.1,goco-rank,top12736,0.1888637271128822,460,3663,1023
25,0.05,0.5,goco-rank,top1621,0.04363655550865344,134,465,287
25,0.05,0.1,goco-rank,top1621,0.04363655550865344,134,465,287
25,0.1,0.5,goco-rank,top2714,0.08971260728858872,153,816,512
25,0.1,0.1,goco-rank,top2714,0.08971260728858872,153,816,512
25,0.2,0.5,goco-rank,top8653,0.19353493874916416,306,2664,1029
25,0.2,0.1,goco-rank,top8653,0.19353493874916416,306,2664,1029
26,0.05,0.5,goco-rank,top1621,0.046361735914289735,151,538,298
26,0.05,0.1,goco-rank,top1621,0.046361735914289735,151,538,298
26,0.1,0.5,goco-rank,top3087,0.09974854070464033,196,992,568
26,0.1,0.1,goco-rank,top2714,0.08789403106625562,190,876,510
26,0.2,0.5,goco-rank,top8653,0.19292553923727415,347,2654,1034
26,0.2,0.1,goco-rank,top8653,0.19292553923727415,347,2654,1034
27,0.05,0.5,goco-rank,top1844,0.04505768960180104,166,562,294
27,0.05,0.1,goco-rank,top1844,0.04505768960180104,166,562,294
27,0.1,0.5,goco-rank,top3512,0.09881672663437119,231,1085,577
27,0.1,0.1,goco-rank,top3087,0.08693524827969741,215,951,514
27,0.2,0.5,goco-rank,top8653,0.18262656566265684,350,2616,987
27,0.2,0.1,goco-rank,top8653,0.18262656566265684,350,2616,987
28,0.05,0.5,goco-rank,top1844,0.05372804813497089,173,606,333
28,0.05,0.1,goco-rank,top1621,0.04339668469047954,158,523,281
28,0.1,0.5,goco-rank,top2714,0.08926862851514603,186,886,509
28,0.1,0.1,goco-rank,top2714,0.08926862851514603,186,886,509
28,0.2,0.5,goco-rank,top7607,0.20129653131447137,318,2471,1078
28,0.2,0.1,goco-rank,top7607,0.20129653131447137,318,2471,1078
29,0.05,0.5,goco-rank,top1621,0.04165579390357778,169,505,270
29,0.05,0.1,goco-rank,top1621,0.04165579390357778,169,505,270
29,0.1,0.5,goco-rank,top3087,0.09466655946183174,212,963,532
29,0.1,0.1,goco-rank,top2714,0.08201705896935951,203,857,471
29,0.2,0.5,goco-rank,top9843,0.2011631654307889,375,3032,1064
29,0.2,0.1,goco-rank,top8653,0.18813357975451686,338,2679,998
30,0.05,0.5,goco-rank,top1844,0.04809041387766588,176,607,312
30,0.05,0.1,goco-rank,top1621,0.04361011508542112,158,528,283
30,0.1,0.5,goco-rank,top4544,0.0989535278100851,260,1429,565
30,0.1,0.1,goco-rank,top3994,0.09442087156312567,252,1298,547
30,0.2,0.5,goco-rank,top12736,0.20399259295030034,451,3752,1085
30,0.2,0.1,goco-rank,top11197,0.18413616051961162,418,3309,992
31,0.05,0.5,goco-rank,top1844,0.04069366096592775,197,602,263
31,0.05,0.1,goco-rank,top1844,0.04069366096592775,197,602,263
31,0.1,0.5,goco-rank,top3994,0.08994185279801574,249,1300,513
31,0.1,0.1,goco-rank,top3512,0.07739851021826538,242,1148,451
31,0.2,0.5,goco-rank,top11197,0.18068528079913368,402,3377,963
31,0.2,0.1,goco-rank,top11197,0.18068528079913368,402,3377,963
32,0.05,0.5,goco-rank,top2097,0.05162180814354727,196,705,320
32,0.05,0.1,goco-rank,top1844,0.04430398935992012,177,615,278
32,0.1,0.5,goco-rank,top3512,0.10644139641606927,243,1172,601
32,0.1,0.1,goco-rank,top3087,0.09241215142439287,231,1025,530
32,0.2,0.5,goco-rank,top9843,0.2072233298805692,385,3077,1106
32,0.2,0.1,goco-rank,top8653,0.1959619530720206,369,2726,1054
33,0.05,0.5,goco-rank,top1844,0.04434159480592575,164,574,292
33,0.05,0.1,goco-rank,top1844,0.04434159480592575,164,574,292
33,0.1,0.5,goco-rank,top5879,0.10221362521911277,302,1878,584
33,0.1,0.1,goco-rank,top5169,0.09144264259027873,283,1639,532
33,0.2,0.5,goco-rank,top12736,0.18838521453881557,462,3929,1014
33,0.2,0.1,goco-rank,top12736,0.18838521453881557,462,3929,1014
34,0.05,0.5,goco-rank,top1844,0.041616642819682075,158,554,268
34,0.05,0.1,goco-rank,top1844,0.041616642819682075,158,554,268
34,0.1,0.5,goco-rank,top4544,0.09150842532543672,260,1308,537
34,0.1,0.1,goco-rank,top4544,0.09150842532543672,260,1308,537
34,0.2,0.5,goco-rank,top11197,0.17942296869069016,426,3257,969
34,0.2,0.1,goco-rank,top11197,0.17942296869069016,426,3257,969
35,0.05,0.5,goco-rank,top1621,0.03847162757040343,166,492,265
35,0.05,0.1,goco-rank,top1621,0.03847162757040343,166,492,265
35,0.1,0.5,goco-rank,top3087,0.09276233358124451,216,994,545
35,0.1,0.1,goco-rank,top3087,0.09276233358124451,216,994,545
35,0.2,0.5,goco-rank,top9843,0.1942941532694593,413,3018,1051
35,0.2,0.1,goco-rank,top8653,0.18200186029438875,388,2686,995
36,0.05,0.5,goco-rank,top2097,0.04447074313051519,155,602,276
36,0.05,0.1,goco-rank,top1844,0.039316535675758976,150,535,252
36,0.1,0.5,goco-rank,top4544,0.08264371995904288,208,1337,471
36,0.1,0.1,goco-rank,top4544,0.08264371995904288,208,1337,471
36,0.2,0.5,goco-rank,top12736,0.1807618209084452,433,3763,974
36,0.2,0.1,goco-rank,top12736,0.1807618209084452,433,3763,974
37,0.05,0.5,goco-rank,top1844,0.05142069833922937,183,615,333
37,0.05,0.1,goco-rank,top1621,0.04422770489676357,171,539,295
37,0.1,0.5,goco-rank,top3087,0.0939925242901182,200,969,543
37,0.1,0.1,goco-rank,top2714,0.08286767755953066,197,853,489
37,0.2,0.5,goco-rank,top9843,0.19632471632979848,385,3097,1057
37,0.2,0.1,goco-rank,top8653,0.1838913166263703,335,2722,990
38,0.05,0.5,goco-rank,top1844,0.03850605037287182,137,525,242
38,0.05,0.1,goco-rank,top1844,0.03850605037287182,137,525,242
38,0.1,0.5,goco-rank,top3994,0.09269959555945204,199,1188,516
38,0.1,0.1,goco-rank,top3512,0.07947044161691692,190,1034,453
38,0.2,0.5,goco-rank,top11197,0.18771337186424772,390,3144,993
38,0.2,0.1,goco-rank,top11197,0.18771337186424772,390,3144,993
39,0.05,0.5,goco-rank,top2097,0.045354261727203894,202,660,306
39,0.05,0.1,goco-rank,top1844,0.0404468766541371,193,586,281
39,0.1,0.5,goco-rank,top3994,0.09430599564358534,231,1258,540
39,0.1,0.1,goco-rank,top3994,0.09430599564358534,231,1258,540
39,0.2,0.5,goco-rank,top11197,0.17826853019678107,439,3445,964
39,0.2,0.1,goco-rank,top11197,0.17826853019678107,439,3445,964
40,0.05,0.5,goco-rank,top1844,0.048562669214843125,144,546,299
40,0.05,0.1,goco-rank,top1621,0.04504562905787051,134,497,276
40,0.1,0.5,goco-rank,top3512,0.09116638134156074,179,1027,509
40,0.1,0.1,goco-rank,top3087,0.08531710128903036,173,912,481
40,0.2,0.5,goco-rank,top9843,0.19071180272343743,321,2909,1018
40,0.2,0.1,goco-rank,top9843,0.19071180272343743,321,2909,1018
41,0.05,0.5,goco-rank,top1621,0.044786829886027855,138,494,296
41,0.05,0.1,goco-rank,top1621,0.044786829886027855,138,494,296
41,0.1,0.5,goco-rank,top3087,0.0916214782825167,199,981,544
41,0.1,0.1,goco-rank,top3087,0.0916214782825167,199,981,544
41,0.2,0.5,goco-rank,top9843,0.19662091825520717,412,3153,1067
41,0.2,0.1,goco-rank,top9843,0.19662091825520717,412,3153,1067
42,0.05,0.5,goco-rank,top1844,0.043050549656712594,181,603,280
42,0.05,0.1,goco-rank,top1844,0.043050549656712594,181,603,280
42,0.1,0.5,goco-rank,top3512,0.09127614213093319,211,1142,514
42,0.1,0.1,goco-rank,top3087,0.07770602011843042,202,1000,445
42,0.2,0.5,goco-rank,top11197,0.19421704668597747,401,3374,1041
42,0.2,0.1,goco-rank,top9843,0.1806346012577545,378,2988,973
43,0.05,0.5,goco-rank,top2097,0.0505031926939905,154,619,311
43,0.05,0.1,goco-rank,top1844,0.04169145778474609,149,532,266
43,0.1,0.5,goco-rank,top3512,0.09064235797034446,171,1078,502
43,0.1,0.1,goco-rank,top3512,0.09064235797034446,171,1078,502
43,0.2,0.5,goco-rank,top11197,0.19145491158911562,367,3471,1018
43,0.2,0.1,goco-rank,top11197,0.19145491158911562,367,3471,1018
44,0.05,0.5,goco-rank,top1621,0.05217625814924253,139,517,323
44,0.05,0.1,goco-rank,top1621,0.05217625814924253,139,517,323
44,0.1,0.5,goco-rank,top2714,0.0946635443258491,171,869,541
44,0.1,0.1,goco-rank,top2714,0.0946635443258491,171,869,541
44,0.2,0.5,goco-rank,top8653,0.2023084274667221,319,2674,1075
44,0.2,0.1,goco-rank,top8653,0.2023084274667221,319,2674,1075
45,0.05,0.5,goco-rank,top1844,0.046603758560280296,180,593,299
45,0.05,0.1,goco-rank,top1844,0.046603758560280296,180,593,299
45,0.1,0.5,goco-rank,top3512,0.08700624102692485,244,1082,515
45,0.1,0.1,goco-rank,top3512,0.08700624102692485,244,1082,515
45,0.2,0.5,goco-rank,top11197,0.1917479573677503,428,3271,1039
45,0.2,0.1,goco-rank,top9843,0.17746388972075472,400,2853,974
46,0.05,0.5,goco-rank,top1844,0.03806097635772604,211,567,277
46,0.05,0.1,goco-rank,top1844,0.03806097635772604,211,567,277
46,0.1,0.5,goco-rank,top3994,0.0935471855427533,309,1279,573
46,0.1,0.1,goco-rank,top3512,0.08235852311939268,300,1122,521
46,0.2,0.5,goco-rank,top9843,0.19386177053550355,426,3114,1055
46,0.2,0.1,goco-rank,top9843,0.19386177053550355,426,3114,1055
47,0.05,0.5,goco-rank,top1844,0.040858023946880005,193,563,283
47,0.05,0.1,goco-rank,top1844,0.040858023946880005,193,563,283
47,0.1,0.5,goco-rank,top3994,0.08567886548046953,272,1300,514
47,0.1,0.1,goco-rank,top3994,0.08567886548046953,272,1300,514
47,0.2,0.5,goco-rank,top11197,0.18704296737019316,440,3408,1015
47,0.2,0.1,goco-rank,top9843,0.17202446096095708,413,3019,942
48,0.05,0.5,goco-rank,top1621,0.034174053749824115,145,435,237
48,0.05,0.1,goco-rank,top1621,0.034174053749824115,145,435,237
48,0.1,0.5,goco-rank,top3512,0.080056576829449,214,1045,480
48,0.1,0.1,goco-rank,top3512,0.080056576829449,214,1045,480
48,0.2,0.5,goco-rank,top11197,0.18853052788166033,439,3430,1025
48,0.2,0.1,goco-rank,top9843,0.1738871890380615,385,3018,944
49,0.05,0.5,goco-rank,top1425,0.0429682003658365,148,457,287
49,0.05,0.1,goco-rank,top1425,0.0429682003658365,148,457,287
49,0.1,0.5,goco-rank,top2714,0.08469935744102058,209,846,518
49,0.1,0.1,goco-rank,top2714,0.08469935744102058,209,846,518
49,0.2,0.5,goco-rank,top8653,0.19592165415483767,338,2762,1058
49,0.2,0.1,goco-rank,top8653,0.19592165415483767,338,2762,1058
